2584,Mahagun Mezzaria,3 BHK 2500 Sq. Ft. Apartment,1467 Sq. Ft.,Rs 3.08 Cr,N/A
2584,Mahagun Mezzaria,3 BHK 3020 Sq. Ft. Apartment,1771 Sq. Ft.,Rs 3.71 Cr,N/A
2584,Mahagun Mezzaria,3 BHK 3070 Sq. Ft. Apartment,1781 Sq. Ft.,Rs 3.78 Cr,N/A
2584,Mahagun Mezzaria,4 BHK 3430 Sq. Ft. Apartment,2052 Sq. Ft.,Rs 4.22 Cr,N/A
2584,Mahagun Mezzaria,4 BHK 3525 Sq. Ft. Apartment,2067 Sq. Ft.,Rs 4.34 Cr,N/A
2584,Mahagun Mezzaria,3 BHK 2500 Sq. Ft. Apartment,1467 Sq. Ft.,Rs 3.08 Cr,(Carpet)
2584,Mahagun Mezzaria,3 BHK 3020 Sq. Ft. Apartment,1771 Sq. Ft.,Rs 3.71 Cr,(Carpet)
2584,Mahagun Mezzaria,3 BHK 3070 Sq. Ft. Apartment,1781 Sq. Ft.,Rs 3.78 Cr,(Carpet)
2584,Mahagun Mezzaria,4 BHK 3430 Sq. Ft. Apartment,2052 Sq. Ft.,Rs 4.22 Cr,(Carpet)
2584,Mahagun Mezzaria,4 BHK 3525 Sq. Ft. Apartment,2067 Sq. Ft.,Rs 4.34 Cr,(Carpet)
