xid,name ,city,phase,url_squareyard
298821,Kalpataru Vista,Noida,Single phase,https://www.squareyards.com/noida-residential-property/kalpataru-vista/10765/project
1223,Sikka Kaamna Greens,Noida,Single phase,https://www.squareyards.com/noida-residential-property/sikka-kaamna-greens/664/project
332831,Prateek Canary,Noida,Single phase,https://www.squareyards.com/noida-residential-property/prateek-canary/10620/project
400435,CRC Joyous,Noida,Single phase,https://www.squareyards.com/greater-noida-residential-property/crc-joyous/111068/project
303,Jaypee Greens Kalypso Court,Noida,Single phase,https://www.squareyards.com/noida-residential-property/jaypee-greens-kalypso-court/108194/project
123445,ACE Parkway,Noida,Single phase,https://www.squareyards.com/noida-residential-property/ace-parkway/4863/project
375353,SKA Orion,Noida,Single phase,https://www.squareyards.com/noida-residential-property/ska-orion/103593/project
2,Omaxe Twin Towers,Noida,Single phase,https://www.squareyards.com/noida-residential-property/omaxe-twin-towers/536/project
270000,Eureka Park By Tata Value Homes,Noida,Single phase,https://www.squareyards.com/noida-residential-property/tata-eureka-park/10953/project
409753,Godrej Tropical Isle,Noida,Single phase,https://www.squareyards.com/noida-residential-property/godrej-tropical-isle/227972/project
425268,Godrej Jardinia,Noida,Single phase,https://www.squareyards.com/noida-residential-property/godrej-jardinia/246953/project
376821,ATS Kingston Heath,Noida,Single phase,https://www.squareyards.com/noida-residential-property/ats-kingston-heath/103548/project
344889,Gulshan Dynasty,Noida,Single phase,https://www.squareyards.com/noida-residential-property/gulshan-dynasty/29919/project
378409,Ace Starlit,Noida,Single phase,https://www.squareyards.com/noida-residential-property/ace-starlit/105330/project
290685,Godrej Nest,Noida,Single phase,https://www.squareyards.com/noida-residential-property/godrej-nest/9255/project
382046,ATS Homekraft Pious Orchards,Noida,Single phase,https://www.squareyards.com/noida-residential-property/ats-homekraft-pious-orchards/112460/project
10130,ATS Pristine,Noida,Single phase,https://www.squareyards.com/noida-residential-property/ats-pristine/705/project
410631,M3M The Cullinan,Noida,Single phase,https://www.squareyards.com/noida-residential-property/m3m-the-cullinan/224290/project
326229,ATS Pious Hideaways,Noida,Single phase,https://www.squareyards.com/noida-residential-property/ats-homekraft-pious-hideaways/10400/project
269167,Godrej Golf Links Evoke Villas,Noida,Single phase,https://www.squareyards.com/greater-noida-residential-property/godrej-golf-links-evoke/9146/project
409011,Fusion The Rivulet,Noida,Single phase,https://www.squareyards.com/greater-noida-residential-property/fusion-the-rivulet/224848/project
433611,Renox Thrive,Noida,Single phase,https://www.squareyards.com/greater-noida-residential-property/renowned-renox-thrive/308677/project
433855,Ace Hanei,Noida,Single phase,https://www.squareyards.com/greater-noida-residential-property/ace-hanei/312065/project
373839,Civitech Strings,Noida,Single phase,https://www.squareyards.com/greater-noida-residential-property/civitech-strings/103214/project
7894,Capital Athena,Noida,Single phase,https://www.squareyards.com/greater-noida-residential-property/capital-athena/1041/project
395716,Fusion The Brook,Noida,Single phase,https://www.squareyards.com/greater-noida-residential-property/fusion-the-brook/162900/project
402728,Sublime Spring Elmas,Noida,Single phase,https://www.squareyards.com/greater-noida-residential-property/sublime-spring-elmas/217291/project
430219,Eros Sampoornam 3,Noida,Single phase,https://www.squareyards.com/greater-noida-residential-property/eros-sampoornam-iii/20711/project
336331,ATS Destinaire,Noida,Single phase,https://www.squareyards.com/greater-noida-residential-property/ats-destinaire/10912/project
270729,ATS Rhapsody,Noida,Single phase,https://www.squareyards.com/greater-noida-residential-property/ats-rhapsody/8676/project
269397,ATS Picturesque Reprieves,Noida,Single phase,https://www.squareyards.com/noida-residential-property/ats-picturesque-reprieves/8650/project
379918,Nimbus Express Park View 2 Low Rise,Noida,Single phase,https://www.squareyards.com/greater-noida-residential-property/nimbus-express-park-view-ii/1187/project
426159,Nimbus The Palm Village,Noida,Single phase,https://www.squareyards.com/greater-noida-residential-property/nimbus-the-palm-village/247100/project
414339,Experion Elements,Noida,Single phase,https://www.squareyards.com/noida-residential-property/experion-elements/246908/project
403945,Irish Platinum,Noida,Single phase,https://www.squareyards.com/greater-noida-residential-property/irish-platinum/245846/project
7662,Paramount Golfforeste,Noida,Single phase,https://www.squareyards.com/greater-noida-residential-property/paramount-golfforeste-villas/9152/project
10412,Purvanchal Royal City,Noida,Single phase,https://www.squareyards.com/greater-noida-residential-property/purvanchal-royal-city/1183/project
302889,HomeKraft Happy Trails,Noida,Single phase,https://www.squareyards.com/greater-noida-residential-property/ats-happy-trails/10038/project
123483,ACE Divino,Noida,Single phase,https://www.squareyards.com/greater-noida-residential-property/ace-divino/10048/project
12900,Fusion Homes,Noida,Single phase,https://www.squareyards.com/greater-noida-residential-property/fusion-homes/939/project
10356,Oasis GrandStand,Noida,Single phase,https://www.squareyards.com/greater-noida-residential-property/oasis-grandstand/1236/project
10412,Purvanchal Royal City,Noida,Single phase,https://www.squareyards.com/greater-noida-residential-property/purvanchal-royal-city/1183/project
333811,ATS Nobility,Noida,Single phase,https://www.squareyards.com/greater-noida-residential-property/ats-nobility/10909/project
425033,Ace Terra,Noida,Single phase,https://www.squareyards.com/greater-noida-residential-property/ace-terra/246906/project
430588,CRC Maesta,Noida,Single phase,https://www.squareyards.com/greater-noida-residential-property/crc-maesta/305975/project
327273,County 107,Noida,Single phase,https://www.squareyards.com/noida-residential-property/aba-county-107/10931/project
400436,Ivory County,Noida,Single phase,https://www.squareyards.com/noida-residential-property/ivory-county/231028/project
123483,ACE Divino,Noida,Single phase,https://www.squareyards.com/greater-noida-residential-property/ace-divino/10048/project
425712,SKA Destiny One,Noida,Single phase,https://www.squareyards.com/greater-noida-residential-property/ska-destiny-one/246909/project
373410,Apex Alphabet,Greater Noida,Single phase,https://www.squareyards.com/greater-noida-residential-property/apex-alphabet/101984/project
373829,Greenbay Golf Village,Greater Noida,Single phase,https://www.squareyards.com/greater-noida-residential-property/orris-greenbay-golf-village-plots/20815/project
4462,ABA Cherry County,Greater Noida,Single phase,https://www.squareyards.com/greater-noida-residential-property/aba-cherry-county/906/project
6356,Keltech Kumar Imperial Greens,Greater Noida,Single phase,https://www.squareyards.com/greater-noida-residential-property/kumar-imperial-greens/905/project
373245,Express Astra,Greater Noida,Single phase,https://www.squareyards.com/greater-noida-residential-property/express-astra/102454/project
401978,Twin Celestial by Ambesten Homes,Greater Noida,Single phase,https://www.squareyards.com/greater-noida-residential-property/ambesten-twin-county/101625/project
43270,Skyline Speedway Avenue,Greater Noida,Single phase,https://www.squareyards.com/greater-noida-residential-property/skyline-speedway-avenue/1262/project
298653,CRC Sublimis,Greater Noida,Single phase,https://www.squareyards.com/greater-noida-residential-property/crc-sublimis/29282/project
255783,Shri Radha Aqua Gardens,Greater Noida,Single phase,https://www.squareyards.com/greater-noida-residential-property/shri-radha-aqua-garden/8372/project
1030,M3M Golfestate,Gurugram,Single phase,https://www.squareyards.com/gurgaon-residential-property/m3m-golf-estate/68/project
1350,Puri Diplomatic Greens,Gurugram,Single phase,https://www.squareyards.com/gurgaon-residential-property/puri-diplomatic-greens-villas/21271/project
2718,DLF Regal Gardens,Gurugram,Single phase,https://www.squareyards.com/gurgaon-residential-property/dlf-regal-gardens/166/project
5456,Puri Emerald Bay,Gurugram,Single phase,https://www.squareyards.com/gurgaon-residential-property/puri-emerald-bay/238/project
6136,DLF The Skycourt,Gurugram,Single phase,https://www.squareyards.com/sale/resale-properties-in-dlf-the-skycourt-gurgaon
25860,ATS Triumph,Gurugram,Single phase,https://www.squareyards.com/gurgaon-residential-property/ats-triumph/234/project
26134,BPTP Amstoria,Gurugram,Single phase,https://www.squareyards.com/gurgaon-residential-property/bptp-amstoria-country-floor/226/project
136575,Ashiana Anmol,Gurugram,Single phase,https://www.squareyards.com/gurgaon-residential-property/ashiana-anmol-phase-3/113087/project
146207,Saan Verdante,Gurugram,Single phase,https://www.squareyards.com/gurgaon-residential-property/saan-verdante/8632/project
269936,Central Park Flower Valley Aqua Front Towers,Gurugram,Single phase,https://www.squareyards.com/gurgaon-residential-property/central-park-flower-valley-aqua-front-towers/100364/project
318679,Hero Homes,Gurugram,Single phase,https://www.squareyards.com/gurgaon-residential-property/hero-homes-gurgaon/10213/project
333369,Emaar Digihomes,Gurugram,Single phase,https://www.squareyards.com/gurgaon-residential-property/emaar-digi-homes/10609/project
378131,M3M Soulitude,Gurugram,Single phase,https://www.squareyards.com/gurgaon-residential-property/m3m-soulitude/106807/project
378934,Signature Global City,Gurugram,Single phase,https://www.squareyards.com/gurgaon-residential-property/signature-global-city/108011/project
390137,Tulip Monsella,Gurugram,Single phase,https://www.squareyards.com/gurgaon-residential-property/tulip-monsella/113706/project
391580,DLF The Grove,Gurugram,Single phase,https://www.squareyards.com/gurgaon-residential-property/dlf-the-grove/130079/project
399000,ATS Bonheur Avenue,Gurugram,Single phase,https://www.squareyards.com/gurgaon-residential-property/ats-homekraft-bonheur-avenue/188776/project
403842,Adani Samsara Avasa,Gurugram,Single phase,https://www.squareyards.com/gurgaon-residential-property/adani-samsara-vilasa/14119/project
404068,M3M Crown,Gurugram,Single phase,https://www.squareyards.com/gurgaon-residential-property/m3m-crown/214724/project
404456,Signature Global City 93,Gurugram,Single phase,https://www.squareyards.com/gurgaon-residential-property/signature-global-city-93/216130/project
404772,Central Park The Orchard,Gurugram,Single phase,https://www.squareyards.com/gurgaon-residential-property/central-park-the-orchard/217447/project
405181,M3M Golf Hills,Gurugram,Single phase,https://www.squareyards.com/gurgaon-residential-property/m3m-golf-hills/220071/project
405529,Navraj The Antalyas,Gurugram,Single phase,https://www.squareyards.com/gurgaon-residential-property/navraj-the-antalyas/228575/project
419936,Godrej Aristocrat,Gurugram,Single phase,https://www.squareyards.com/gurgaon-residential-property/godrej-aristocrat/235556/project
422426,Godrej Zenith,Gurugram,Single phase,https://www.squareyards.com/gurgaon-residential-property/godrej-zenith/246428/project
422937,Krisumi Waterside Residences,Gurugram,Single phase,https://www.squareyards.com/gurgaon-residential-property/krisumi-waterside-residences/247870/project
423388,Puri Diplomatic Residences,Gurugram,Single phase,https://www.squareyards.com/gurgaon-residential-property/puri-diplomatic-residences/245971/project
423473,Anant Raj The Estate Residences,Gurugram,Single phase,https://www.squareyards.com/gurgaon-residential-property/anant-raj-the-estate-residences/244338/project
424568,JMS Premier Floors,Gurugram,Single phase,https://www.squareyards.com/gurgaon-residential-property/jms-premier-floors/306414/project
426520,Conscient Parq,Gurugram,Single phase,https://www.squareyards.com/gurgaon-residential-property/conscient-parq/247842/project
427056,M3M Altitude,Gurugram,Single phase,https://www.squareyards.com/gurgaon-residential-property/m3m-altitude/247647/project
427191,Ganga Anantam,Gurugram,Single phase,https://www.squareyards.com/gurgaon-residential-property/ganga-anantam/249821/project
427906,Sobha Altus,Gurugram,Single phase,https://www.squareyards.com/gurgaon-residential-property/sobha-altus/249540/project
428412,Signature Global Titanium SPR,Gurugram,Single phase,https://www.squareyards.com/gurgaon-residential-property/signature-global-titanium-spr/249570/project
430191,Adani Lushlands,Gurugram,Single phase,https://www.squareyards.com/gurgaon-residential-property/adani-lushlands/251901/project
432550,TARC Ishva,Gurugram,Single phase,https://www.squareyards.com/gurgaon-residential-property/tarc-ishva/308402/project
433317,Max Estate 360,Gurugram,Single phase,https://www.squareyards.com/gurgaon-residential-property/max-estate-360/307757/project
2,Omaxe Twin Towers,Noida,Single phase,https://www.squareyards.com/noida-residential-property/omaxe-twin-towers/536/project
87,ATS Advantage,Ghaziabad,Single phase,https://www.squareyards.com/ghaziabad-residential-property/ats-advantage/3848/project
303,Jaypee Greens Kalypso Court,Noida,Single phase,https://www.squareyards.com/noida-residential-property/jaypee-greens-kalypso-court/108194/project
352,BPTP Parklands,Faridabad,Single phase,https://www.squareyards.com/faridabad-residential-property/bptp-parkland-pride/452/project
1027,Mantri Serenity,Bangalore,Single phase,https://www.squareyards.com/bangalore-residential-property/mantri-serenity/1672/project
1223,Sikka Kaamna Greens,Noida,Single phase,https://www.squareyards.com/noida-residential-property/sikka-kaamna-greens/664/project
1498,Modi Emerald Heights Hyderabad,Hyderabad,Single phase,https://www.squareyards.com/hyderabad-residential-property/modi-emerald-heights/12244/project
1852,Sattva Luxuria,Bangalore,Single phase,https://www.squareyards.com/bangalore-residential-property/salarpuria-sattva-luxuria/19728/project
4872,Pace Anusa,Chennai,Single phase,https://www.squareyards.com/chennai-residential-property/pace-anusa/76051/project
5144,Bhartiya City Nikoo Homes 6,Bangalore,Single phase,https://www.squareyards.com/bangalore-residential-property/bhartiya-city-nikoo-homes-6/240973/project
6936,Sheth Vasant Lawns,Thane,Single phase,https://www.squareyards.com/thane-residential-property/sheth-vasant-lawns/8749/project
7662,Paramount Golfforeste,Noida,Single phase,https://www.squareyards.com/greater-noida-residential-property/paramount-golfforeste-villas/9152/project
7894,Capital Athena,Greater Noida,Single phase,https://www.squareyards.com/greater-noida-residential-property/capital-athena/1041/project
8130,Paradise Sai Miracle,Navi Mumbai,Single phase,https://www.squareyards.com/navi-mumbai-residential-property/paradise-sai-miracle/6450/project
8408,Provident Sunworth,Bangalore,Single phase,https://www.squareyards.com/bangalore-residential-property/provident-sunworth/1606/project
10130,ATS Pristine,Noida,Single phase,https://www.squareyards.com/noida-residential-property/ats-pristine/705/project
10356,Oasis GrandStand,Noida,Single phase,https://www.squareyards.com/greater-noida-residential-property/oasis-grandstand/1236/project
10412,Purvanchal Royal City,Noida,Single phase,https://www.squareyards.com/greater-noida-residential-property/purvanchal-royal-city/1183/project
11112,Shriram Sameeksha,Bangalore,Single phase,https://www.squareyards.com/bangalore-residential-property/shriram-sameeksha/1506/project
16778,HM Indigo,Bangalore,Single phase,https://www.squareyards.com/bangalore-residential-property/hm-indigo/7927/project
23442,SNN Raj Viviente,Bangalore,Single phase,https://www.squareyards.com/bangalore-residential-property/snn-raj-viviente/99126/project
24198,Total Environment Pursuit of A Radical Rhapsody,Bangalore East,Single phase,https://www.squareyards.com/bangalore-residential-property/total-environment-pursuit-of-a-radical-rhapsody/19480/project
25082,Runwal Eirene,Thane,Single phase,https://www.squareyards.com/thane-residential-property/runwal-eirene/2784/project
30998,The Presidential Tower,Bangalore,Single phase,https://www.squareyards.com/bangalore-residential-property/the-presidential-tower/9404/project
33782,Sattva Magnificia,Bangalore,Single phase,https://www.squareyards.com/bangalore-residential-property/salarpuria-sattva-magnificia/17499/project
40476,Godrej Platinum,Mumbai,Single phase,https://www.squareyards.com/mumbai-residential-property/godrej-platinum-mumbai/3022/project
49816,Sikka Kaamya Greens,Greater Noida,Single phase,https://www.squareyards.com/greater-noida-residential-property/sikka-kaamya-greens/972/project
50184,Pacifica San Lucas,ROI,Single phase,https://www.squareyards.com/vadodara-residential-property/pacifica-san-lucas/318474/project
55744,Fortuna Acacia,Bangalore,Single phase,https://www.squareyards.com/bangalore-residential-property/fortuna-acacia/19397/project
58272,Omaxe The Lake,ROI,Single phase,https://www.squareyards.com/chandigarh-residential-property/omaxe-lake/9070/project
59796,34 Park Estate,Western Mumbai,Single phase,https://www.squareyards.com/mumbai-residential-property/chandak-34-park-estate/100855/project
61839,Mahidhara Fortune City,Bangalore,Single phase,https://www.squareyards.com/bangalore-residential-property/mahidhara-fortune-city/14806/project
62053,Mounthill Essence,Kolkata,Single phase,https://www.squareyards.com/kolkata-residential-property/mounthill-essence/4989/project
65394,Modi Lotus Homes,Hyderabad,Single phase,https://www.squareyards.com/hyderabad-residential-property/modi-lotus-homes/12157/project
65774,Modi Edifice,Hyderabad,Single phase,https://www.squareyards.com/hyderabad-residential-property/modi-edifice/112413/project
67272,Modi Elegance,Hyderabad,Single phase,https://www.squareyards.com/hyderabad-residential-property/modi-elegance/70679/project
69896,Madhu Park Ville,Hyderabad,Single phase,https://www.squareyards.com/hyderabad-residential-property/madhu-park-ville/70345/project
75215,Vayun Meadows Block C,Hyderabad,Single phase,https://www.squareyards.com/hyderabad-residential-property/anantha-vayun-meadows/68430/project
115417,Modi Paradise,Hyderabad,Single phase,https://www.squareyards.com/hyderabad-residential-property/modi-paradise-apartment/30162/project
125349,Modi Golden County Annexe,Hyderabad,Single phase,https://www.squareyards.com/hyderabad-residential-property/modi-golden-county/13018/project
141819,Baldota Thumbprint,Bangalore,Single phase,https://www.squareyards.com/bangalore-residential-property/baldota-thumbprint-villas/19030/project
168649,F5 Felicia,Pune,Single phase,https://www.squareyards.com/pune-residential-property/f5-felicia/23778/project
180623,Altus Muirwoods,Chandigarh,Single phase,https://www.squareyards.com/chandigarh-residential-property/altus-muirwood-ecocity/250047/project
197671,Keerthi Krishna Viva,Bangalore,Single phase,https://www.squareyards.com/bangalore-residential-property/keerthi-krishna-viva/14780/project
205909,Shree Krupa Nandanvan Homes,Mumbai Thane,Single phase,https://www.squareyards.com/sale/resale-properties-in-shree-krupa-nandanvan-homes-a1-a2-thane
210905,Salarpuria Sattva Northland,Bangalore,Single phase,https://www.squareyards.com/bangalore-residential-property/salarpuria-sattva-northland/17723/project
240490,Doshi Risington,Chennai,Single phase,https://www.squareyards.com/chennai-residential-property/doshi-risington/79939/project
257873,Trimurtys Arabella,ROI,Single phase,https://www.squareyards.com/jaipur-residential-property/trimurthi-arabella/49663/project
260686,Brigade Laguna,Bangalore,Single phase,https://www.squareyards.com/bangalore-residential-property/brigade-laguna/15344/project
262668,Sipani Royal Heritage,Bangalore South,Single phase,https://www.squareyards.com/bangalore-residential-property/sipani-royal-heritage/17272/project
265191,Green Fields Crown City,ROI,Single phase,https://www.squareyards.com/coimbatore-residential-property/green-fields-crown-city/316876/project
267047,Runwal Nirvana,Mumbai South,Single phase,https://www.squareyards.com/mumbai-residential-property/runwal-nirvana/28734/project
267635,Godrej Emerald,Thane,Single phase,https://www.squareyards.com/thane-residential-property/godrej-emerald/8617/project
268137,Runwal Timeless,Mumbai South,Single phase,https://www.squareyards.com/mumbai-residential-property/runwal-timeless/104724/project
269167,Godrej Golf Links Evoke Villas,Greater Noida,Single phase,https://www.squareyards.com/greater-noida-residential-property/godrej-golf-links-evoke/9146/project
269397,ATS Picturesque Reprieves,Noida,Single phase,https://www.squareyards.com/noida-residential-property/ats-picturesque-reprieves/8650/project
269844,Anukampa Sky Lounges,ROI,Single phase,https://www.squareyards.com/jaipur-residential-property/anukampa-sky-lounges/9686/project
270000,Eureka Park By Tata Value Homes,Noida,Single phase,https://www.squareyards.com/noida-residential-property/tata-eureka-park/10953/project
270729,ATS Rhapsody,Noida,Single phase,https://www.squareyards.com/greater-noida-residential-property/ats-rhapsody/8676/project
272201,Sattva Opus,Bangalore,Single phase,https://www.squareyards.com/bangalore-residential-property/salarpuria-sattva-opus/8771/project
273851,Shantiniketan Vega,Chennai,Single phase,https://www.squareyards.com/chennai-residential-property/shantiniketan-vega/306917/project
273879,Arihant Abode,Greater Noida,Single phase,https://www.squareyards.com/greater-noida-residential-property/arihant-abode/100304/project
274711,Renaissance Reserva,Bangalore,Single phase,https://www.squareyards.com/bangalore-residential-property/renaissance-reserva/94390/project
275013,PC Amansara,Bangalore,Single phase,https://www.squareyards.com/bangalore-residential-property/pc-amansara/94002/project
278033,Puraniks Grand Central,Thane,Single phase,https://www.squareyards.com/thane-residential-property/puranik-grand-central/9250/project
282227,25 South,Mumbai(All),Single phase,https://www.squareyards.com/mumbai-residential-property/hubtown-25-south/11052/project
290685,Godrej Nest,Noida,Single phase,https://www.squareyards.com/noida-residential-property/godrej-nest/9255/project
292929,Tridhaatu Morya,Central Mumbai,Single phase,https://www.squareyards.com/mumbai-residential-property/tridhaatu-morya/10935/project
293745,Sona Vistaas,Bangalore,Single phase,https://www.squareyards.com/bangalore-residential-property/sona-vistaas/103200/project
293775,S B Skanda Lake Front,Bangalore,Single phase,https://www.squareyards.com/bangalore-residential-property/sb-skanda-lake-front/154099/project
295673,Tata 88 East,Kolkata(All),Single phase,https://www.squareyards.com/kolkata-residential-property/tata-88-east/111156/project
296293,Provident Park Square,Bangalore,Single phase,https://www.squareyards.com/bangalore-residential-property/provident-park-square/9661/project
297055,Godrej Nature Plus,Gurugram,Single phase,https://www.squareyards.com/gurgaon-residential-property/godrej-nature-plus/9676/project
298821,Kalpataru Vista,Noida,Single phase,https://www.squareyards.com/noida-residential-property/kalpataru-vista/10765/project
299863,Sattva Misty Charm,Bangalore,Single phase,https://www.squareyards.com/bangalore-residential-property/salarpuria-sattva-misty-charm/9848/project
302349,S B Temple Tree,Bangalore,Single phase,https://www.squareyards.com/bangalore-residential-property/sb-temple-tree/109959/project
302889,HomeKraft Happy Trails,Noida,Single phase,https://www.squareyards.com/greater-noida-residential-property/ats-happy-trails/10038/project
303401,PS Jiva,Kolkata,Single phase,https://www.squareyards.com/kolkata-residential-property/ps-jiva/112256/project
303427,Vijaya Aquagreen,Bangalore,Single phase,https://www.squareyards.com/bangalore-residential-property/vijaya-aqua-green/231879/project
305417,Amrutha Platinum Towers,Bangalore,Single phase,https://www.squareyards.com/bangalore-residential-property/amrutha-platinum-towers/25406/project
305723,VTP Hilife,Pune West,Single phase,https://www.squareyards.com/pune-residential-property/vtp-hilife/10163/project
306189,Rohan Upavan,Bangalore North,Single phase,https://www.squareyards.com/bangalore-residential-property/rohan-upavan/6585/project
306221,JRC Palladio,Bangalore,Single phase,https://www.squareyards.com/bangalore-residential-property/jrc-palladio/101295/project
306817,Concorde Hill Crest,Bangalore,Single phase,https://www.squareyards.com/bangalore-residential-property/concorde-hill-crest/102108/project
311999,Peace Paramount,Bangalore,Single phase,https://www.squareyards.com/bangalore-residential-property/peace-paramount/103090/project
317381,Trendsquares Ortus,Bangalore,Single phase,https://www.squareyards.com/bangalore-residential-property/trendsquare-ortus-apartment/106644/project
319475,Adani Atelier Greens,Pune,Single phase,https://www.squareyards.com/pune-residential-property/adani-atelier-greens/10656/project
321459,Sattva Serene Life,Bangalore,Single phase,https://www.squareyards.com/bangalore-residential-property/salarpuria-sattva-serene-life/10413/project
324247,Purva Zenium,Bangalore,Single phase,https://www.squareyards.com/bangalore-residential-property/puravankara-purva-zenium/10487/project
324633,Purva Atmosphere,Bangalore,Single phase,https://www.squareyards.com/bangalore-residential-property/puravankara-purva-atmosphere/29974/project
326229,ATS Pious Hideaways,Noida,Single phase,https://www.squareyards.com/noida-residential-property/ats-homekraft-pious-hideaways/10400/project
326693,Gagan Klara,Pune West,Single phase,https://www.squareyards.com/pune-residential-property/gagan-klara/10662/project
327273,County 107,Noida,Single phase,https://www.squareyards.com/noida-residential-property/aba-county-107/10931/project
328903,L and T Seawoods Residences,Navi Mumbai,Single phase,https://www.squareyards.com/navi-mumbai-residential-property/l-and-t-seawoods-residences/10544/project
331815,One Akshar,Navi Mumbai,Single phase,https://www.squareyards.com/navi-mumbai-residential-property/akshar-one-akshar/13670/project
332507,Godrej 24,Bangalore,Single phase,https://www.squareyards.com/bangalore-residential-property/godrej-24-sarjapur/10583/project
332831,Prateek Canary,Noida,Single phase,https://www.squareyards.com/noida-residential-property/prateek-canary/10620/project
332999,Mega Sarovar,ROI,Single phase,https://www.squareyards.com/vijayawada-residential-property/mega-sarovar/102857/project
333811,ATS Nobility,Greater Noida,Single phase,https://www.squareyards.com/greater-noida-residential-property/ats-nobility/10909/project
333823,Tulip Infinity World,Pune West,Single phase,https://www.squareyards.com/pune-residential-property/tulip-infinity-world/107368/project
334009,Modi Lake View,Hyderabad,Single phase,https://www.squareyards.com/hyderabad-residential-property/modi-lakeview/226455/project
334013,Modi Sterling Heights,Hyderabad,Single phase,https://www.squareyards.com/hyderabad-residential-property/modi-sterling-heights/112394/project
334919,GP Aditya,Bangalore,Single phase,https://www.squareyards.com/bangalore-residential-property/gp-aditya/102748/project
336331,ATS Destinaire,Noida,Single phase,https://www.squareyards.com/greater-noida-residential-property/ats-destinaire/10912/project
337519,Risland The Ace,Chennai,Single phase,https://www.squareyards.com/chennai-residential-property/risland-the-ace/101867/project
337581,Praneeth Pranav Townsquare,Hyderabad,Single phase,https://www.squareyards.com/hyderabad-residential-property/praneeth-apr-pranav-townsquare/13674/project
339289,Godrej Nirvaan,Thane Outskirts,Single phase,https://www.squareyards.com/thane-residential-property/godrej-nirvaan/10886/project
342591,JCSV Pride,Bangalore,Single phase,https://www.squareyards.com/bangalore-residential-property/jcsv-pride/220704/project
343921,Pranavas One Hyderabad,Hyderabad,Single phase,https://www.squareyards.com/hyderabad-residential-property/pranava-one-hyderabad/154000/project
344037,Vantage Twenty One,Pune West,Single phase,https://www.squareyards.com/pune-residential-property/yashada-vivanta-vantage-twenty-one/30306/project
344375,Mahavir Spring,Thane,Single phase,https://www.squareyards.com/thane-residential-property/damji-shamji-mahavir-spring-tulip-phase-1/30240/project
344889,Gulshan Dynasty,Noida,Single phase,https://www.squareyards.com/noida-residential-property/gulshan-dynasty/29919/project
345245,Alcove New Kolkata Sangam,Kolkata,Single phase,https://www.squareyards.com/kolkata-residential-property/alcove-new-kolkata-sangam/111379/project
347175,Sri Krishna Vilas,ROI,Single phase,https://www.squareyards.com/varanasi-residential-property/shreemaa-sri-krishna-vilas/106699/project
348287,Kalpataru Vienta,Western Mumbai,Single phase,https://www.squareyards.com/mumbai-residential-property/kalpataru-vienta/30226/project
351117,ANP Atlantis,Pune West,Single phase,https://www.squareyards.com/pune-residential-property/anp-atlantis/101389/project
351351,Baashyaams Le Chalet Smart Choice,Chennai,Single phase,https://www.squareyards.com/chennai-residential-property/baashyaam-le-chalet-smart-choice-homes/101842/project
351831,Lakshmi Cadillac,Hyderabad,Single phase,https://www.squareyards.com/hyderabad-residential-property/lakshmi-cadillac/114532/project
351977,Park Astra,Pune West,Single phase,https://www.squareyards.com/pune-residential-property/pride-purple-park-astra/101239/project
352115,Godrej Exquisite,Thane,Single phase,https://www.squareyards.com/thane-residential-property/godrej-exquisite/30430/project
353221,Ganga Altus,Pune East,Single phase,https://www.squareyards.com/pune-residential-property/goel-ganga-altus/101610/project
353830,Supreme Estia,Pune West,Single phase,https://www.squareyards.com/pune-residential-property/supreme-estia-phase-1/101756/project
353930,Lodha Bella Vista,Thane,Single phase,https://www.squareyards.com/thane-residential-property/lodha-bellavista/234218/project
354160,Mantra Monarch,Pune West,Single phase,https://www.squareyards.com/pune-residential-property/mantra-monarch/185623/project
354428,Piya Hill View,ROI,Single phase,https://www.squareyards.com/guwahati-residential-property/piya-hill-view/309356/project
355218,Viceroy SAVANA,Western Mumbai,Single phase,https://www.squareyards.com/mumbai-residential-property/viceroy-savana/30431/project
355530,Runwal The Central Park,Pune North,Single phase,https://www.squareyards.com/pune-residential-property/runwal-the-central-park/100625/project
366854,Arvind Bel Air,Bangalore,Single phase,https://www.squareyards.com/bangalore-residential-property/arvind-bel-air/101291/project
367139,Hallmark Sunnyside,Hyderabad,Single phase,https://www.squareyards.com/hyderabad-residential-property/hallmark-sunnyside/101296/project
368900,Prestige Waterford,Bangalore,Single phase,https://www.squareyards.com/bangalore-residential-property/prestige-waterford/29258/project
369336,Om Sree Brilliance,Hyderabad,Single phase,https://www.squareyards.com/hyderabad-residential-property/om-sree-brilliance/104017/project
369372,Om Sree Heights,Hyderabad,Single phase,https://www.squareyards.com/hyderabad-residential-property/om-sree-heights/192991/project
369448,Abhignas Misty Woods,Bangalore,Single phase,https://www.squareyards.com/bangalore-residential-property/abhigna-misty-woods/113533/project
369997,Casagrand First City,Chennai,Single phase,https://www.squareyards.com/chennai-residential-property/casagrand-first-city/101785/project
370278,Twin Towers by Namishree,Hyderabad,Single phase,https://www.squareyards.com/hyderabad-residential-property/namishree-bps-twin-towers/112437/project
370562,T and T Eutopia,Ghaziabad,Single phase,https://www.squareyards.com/ghaziabad-residential-property/t-and-t-eutopia-phase-1/101257/project
371039,Bhagwati Greens 2,Navi Mumbai,Single phase,https://www.squareyards.com/navi-mumbai-residential-property/bhagwati-greens-2/102513/project
371185,Palm Springs,Pune,Single phase,https://www.squareyards.com/pune-residential-property/divine-palm-springs/116166/project
371290,Godrej Green Cove,Pune West,Single phase,https://www.squareyards.com/pune-residential-property/godrej-green-cove/102012/project
371291,Rahul Aston,Pune West,Single phase,https://www.squareyards.com/pune-residential-property/rahul-aston/102092/project
371344,BSCPL Bollineni Zion,Chennai,Single phase,https://www.squareyards.com/chennai-residential-property/bscpl-bollineni-zion/82304/project
371964,Nyati Exuberance,Pune,Single phase,https://www.squareyards.com/pune-residential-property/nyati-exuberance-1/102650/project
372021,Millennium Pacific,Pune West,Single phase,https://www.squareyards.com/pune-residential-property/millennium-pacific/129291/project
372203,Sanarelli Apartment by Speed Housing LLP,Hyderabad,Single phase,https://www.squareyards.com/hyderabad-residential-property/sanarelli-apartment-of-contentment/108813/project
372334,Southern Vista,Kolkata South,Single phase,https://www.squareyards.com/kolkata-residential-property/rajat-southern-vista/111364/project
373727,Goel Ganga Asmi,Pune West,Single phase,https://www.squareyards.com/pune-residential-property/goel-ganga-asmi/103559/project
373839,Civitech Strings,Greater Noida,Single phase,https://www.squareyards.com/greater-noida-residential-property/civitech-strings/103214/project
374132,Cybercity Westbrook,Hyderabad,Single phase,https://www.squareyards.com/hyderabad-residential-property/cybercity-west-brook/113503/project
374315,Shalimar One World Valencia County,ROI,Single phase,https://www.squareyards.com/lucknow-residential-property/shalimar-one-world-valencia-county/107777/project
374375,Sheth 72 West,Western Mumbai,Single phase,https://www.squareyards.com/mumbai-residential-property/sheth-72-west/113051/project
374899,Trident Embassy Reso,Greater Noida,Single phase,https://www.squareyards.com/greater-noida-residential-property/trident-embassy-reso/110578/project
374970,DSR Elixir,Bangalore,Single phase,https://www.squareyards.com/bangalore-residential-property/dsr-elixir/108806/project
374996,Vertex Kingston Park,Hyderabad,Single phase,https://www.squareyards.com/hyderabad-residential-property/vertex-kingston-park/111838/project
375353,SKA Orion,Noida,Single phase,https://www.squareyards.com/noida-residential-property/ska-orion/103593/project
375399,Ira Miracle,Hyderabad,Single phase,https://www.squareyards.com/hyderabad-residential-property/ira-miracle/112056/project
375497,Concorde Abode 99,Bangalore,Single phase,https://www.squareyards.com/bangalore-residential-property/concorde-abode-99/103438/project
375577,IRA Aspiration,Hyderabad,Single phase,https://www.squareyards.com/hyderabad-residential-property/ira-aspiration/112045/project
375851,Triaxis Splendour Plus,Bangalore,Single phase,https://www.squareyards.com/bangalore-residential-property/triaxis-splendour/103765/project/photos
375852,DS Max Sky Shubham,Bangalore,Single phase,https://www.squareyards.com/bangalore-residential-property/ds-max-sky-shubham/111119/project
375918,Aparna Sarovar Zicon,Hyderabad,Single phase,https://www.squareyards.com/hyderabad-residential-property/aparna-sarovar-zicon/103915/project
376104,Modi Serene Park,Hyderabad,Single phase,https://www.squareyards.com/hyderabad-residential-property/modi-serene-park/113601/project
376145,Shriram The Poem,Bangalore,Single phase,https://www.squareyards.com/bangalore-residential-property/shriram-the-poem/231351/project
376373,Vertex Viraat,Hyderabad,Single phase,https://www.squareyards.com/hyderabad-residential-property/vertex-viraat/212676/project
376632,Dreamland Harnarain Aeropolis,ROI,Single phase,https://www.squareyards.com/varanasi-residential-property/dreamland-harnarain-aeropolis/248110/project
376683,Solaris Plus,ROI,Single phase,https://www.squareyards.com/vadodara-residential-property/solaris-plus/318469/project
376821,ATS Kingston Heath,Noida,Single phase,https://www.squareyards.com/noida-residential-property/ats-kingston-heath/103548/project
377050,Benchmark Aspire,Kolkata,Single phase,https://www.squareyards.com/kolkata-residential-property/benchmark-aspire/192259/project
377188,The Celest,ROI,Single phase,https://www.squareyards.com/vizag-residential-property/terra-alpha-the-celest/9993/project
377702,Sobha Manhattan Towers Town Park,Bangalore South,Single phase,https://www.squareyards.com/bangalore-residential-property/sobha-manhattan-towers-town-park/105219/project
377935,Kala Sagar Skies,Ahmedabad (All),Single phase,https://www.squareyards.com/ahmedabad-residential-property/kalasagar-skyz/5789/project
378115,Hallmark Skyrena,Hyderabad,Single phase,https://www.squareyards.com/hyderabad-residential-property/hallmark-skyrena/111070/project
378409,Ace Starlit,Noida,Single phase,https://www.squareyards.com/noida-residential-property/ace-starlit/105330/project
378411,Ecolife Eon Akash,Bangalore,Single phase,https://www.squareyards.com/bangalore-residential-property/ecolife-eon-akash/113115/project
378617,Suchirindia The Tales of Greek,Hyderabad,Single phase,https://www.squareyards.com/hyderabad-residential-property/suchirindia-the-tales-of-greek/109005/project
378890,Green Field Diamond Avenue,ROI,Single phase,https://www.squareyards.com/coimbatore-residential-property/green-field-diamond-avenue-peedampalli/317432/project
378931,L and T Veridian at Emerald Isle,Central Mumbai,Single phase,https://www.squareyards.com/mumbai-residential-property/lnt-veridian/108804/project
379234,Sri Vathsas Sterling Abode,Hyderabad,Single phase,https://www.squareyards.com/hyderabad-residential-property/sri-vathsa-sterling-abode/143703/project
379240,Provident Sunworth City,Bangalore,Single phase,https://www.squareyards.com/bangalore-residential-property/provident-sunworth/1606/project
379347,ARV Uthville,Pune East,Single phase,https://www.squareyards.com/pune-residential-property/arv-uthville/113345/project
379399,Sattva Ashraya,Bangalore,Single phase,https://www.squareyards.com/bangalore-residential-property/salarpuria-sattva-ashraya/112609/project
379586,Excellaa Tremont,Pune East,Single phase,https://www.squareyards.com/pune-residential-property/excellaa-tremont/107456/project
379597,Agarwal Floresta,Western Mumbai,Single phase,https://www.squareyards.com/mumbai-residential-property/agarwal-floresta-maple/111251/project
379727,Gothic Pentagon Clouds,Hyderabad,Single phase,https://www.squareyards.com/hyderabad-residential-property/gothic-pentagon-clouds/111125/project
379760,Hallmark Treasor,Hyderabad,Single phase,https://www.squareyards.com/hyderabad-residential-property/hallmark-treasor/111746/project
379918,Nimbus Express Park View 2 Low Rise,Noida,Single phase,https://www.squareyards.com/greater-noida-residential-property/nimbus-express-park-view-ii/1187/project
379927,Prescon Midtown Bay,Mumbai South,Single phase,https://www.squareyards.com/mumbai-residential-property/prescon-midtown-bay/111905/project
380395,Vision Aristo,Pune West,Single phase,https://www.squareyards.com/pune-residential-property/vision-aristo/112706/project
380808,Swati Senor,Ahmedabad West,Single phase,https://www.squareyards.com/ahmedabad-residential-property/swati-senor/249370/project
380922,Silpas Kalpavriksha,Hyderabad,Single phase,https://www.squareyards.com/hyderabad-residential-property/golden-kalpavriksha/113760/project
381481,Platinum 53 West,Western Mumbai,Single phase,https://www.squareyards.com/mumbai-residential-property/platinum-53-west/113172/project
381615,Kunal The Canary,Pune West,Single phase,https://www.squareyards.com/pune-residential-property/kunal-the-canary/129289/project
381755,GK Aarcon,Pune West,Single phase,https://www.squareyards.com/pune-residential-property/gk-aarcon/146925/project
381799,DRA D Elite,Chennai South,Single phase,https://www.squareyards.com/chennai-residential-property/dra-d-elite/189819/project
382046,ATS Homekraft Pious Orchards,Noida,Single phase,https://www.squareyards.com/noida-residential-property/ats-homekraft-pious-orchards/112460/project
382172,Sukhwani Kingsley,Pune North,Single phase,https://www.squareyards.com/pune-residential-property/sukhwani-kingsley/122732/project
382236,Merlin Rise,Kolkata,Single phase,https://www.squareyards.com/kolkata-residential-property/merlin-rise/115420/project
382262,Suraj Vitalis,Mumbai South,Single phase,https://www.squareyards.com/mumbai-residential-property/suraj-vitalis/146938/project
382710,VTP Verve,Pune West,Single phase,https://www.squareyards.com/pune-residential-property/vtp-verve/118473/project
382816,Srijan Botanica,Kolkata South,Single phase,https://www.squareyards.com/kolkata-residential-property/srijan-botanica/47978/project
382996,Regents Park Kharghar,Mumbai(All),Single phase,https://www.squareyards.com/navi-mumbai-residential-property/satyam-regents-park/113934/project
383398,Praneeth Kkrs Pranav Jaitra,Hyderabad,Single phase,https://www.squareyards.com/hyderabad-residential-property/praneeth-pranav-jaitra/112983/project
383662,Primark Eco Nest,Hyderabad,Single phase,https://www.squareyards.com/hyderabad-residential-property/primark-eco-nest/114071/project
383708,Aparna Zenon,Hyderabad,Single phase,https://www.squareyards.com/hyderabad-residential-property/aparna-zenon/128842/project
383882,Rustomjee Uptown Urbania,Thane,Single phase,https://www.squareyards.com/thane-residential-property/rustomjee-uptown-urbania/121648/project
383939,Concorde Opus 2,Bangalore,Single phase,https://www.squareyards.com/bangalore-residential-property/concorde-opus-2/112862/project
383945,Eden Willow Estate,Kolkata,Single phase,https://www.squareyards.com/kolkata-residential-property/eden-willow-estate/175210/project
384098,Roseate Homes,ROI,Single phase,https://www.squareyards.com/zirakpur-residential-property/roseate-homes/111631/project
384290,Godrej Park Retreat,Bangalore,Single phase,https://www.squareyards.com/bangalore-residential-property/godrej-park-retreat/115887/project
384755,Ace Abode,Pune West,Single phase,https://www.squareyards.com/pune-residential-property/jhamtani-ace-abode/141376/project
384964,Sheth Vasant Blossom,Western Mumbai,Single phase,https://www.squareyards.com/mumbai-residential-property/sheth-vasant-blossom/149429/project
385000,Assetz Marq 3,Bangalore East,Single phase,https://www.squareyards.com/bangalore-residential-property/assetz-marq/19859/project
385178,Nambiar Millennia,Bangalore,Single phase,https://www.squareyards.com/bangalore-residential-property/nambiar-millennia/130220/project
385349,Meridian Park at The Prestige City,Bangalore East,Single phase,https://www.squareyards.com/bangalore-residential-property/meridian-park-at-the-prestige-city/142272/project
385408,Nyati Era,Pune,Single phase,https://www.squareyards.com/pune-residential-property/nyati-era/146906/project
386131,Venkatesh Erandwane Central,Pune,Single phase,https://www.squareyards.com/pune-residential-property/venkatesh-erandwane-central/158009/project
386719,DLH Legacy,Western Mumbai,Single phase,https://www.squareyards.com/mumbai-residential-property/dlh-legacy/150244/project
386756,Mantra Mirari,Pune,Single phase,https://www.squareyards.com/pune-residential-property/mantra-mirari/123236/project
386817,Shevi Utopia Gold,Pune,Single phase,https://www.squareyards.com/pune-residential-property/shevi-utopia-gold/149787/project
386987,DS Max Sukruth,Bangalore,Single phase,https://www.squareyards.com/bangalore-residential-property/ds-max-sukruth/129926/project
386991,Heavie Eden,Bangalore,Single phase,https://www.squareyards.com/bangalore-residential-property/heavie-eden/122694/project
386994,Sumadhura Aspire Amber,Bangalore,Single phase,https://www.squareyards.com/bangalore-residential-property/sumadhura-aspire-amber/123784/project
386997,Land Capital Calista,Bangalore,Single phase,https://www.squareyards.com/bangalore-residential-property/land-capital-calista/220754/project
387255,L and T Elixir Reserve,Mumbai,Single phase,https://www.squareyards.com/mumbai-residential-property/lnt-elixir-reserve/141429/project
387280,Supercity JOY,Ahmedabad (All),Single phase,https://www.squareyards.com/ahmedabad-residential-property/supercity-joy/222439/project
387488,Radhey Raaga,Hyderabad,Single phase,https://www.squareyards.com/hyderabad-residential-property/radhey-raaga/129796/project
387813,Lodha Bellagio,Central Mumbai,Single phase,https://www.squareyards.com/mumbai-residential-property/lodha-bellagio/141362/project
388006,Paradise Sai Suncity,Navi Mumbai,Single phase,https://www.squareyards.com/navi-mumbai-residential-property/paradise-sai-suncity/167325/project
388125,Safal Riviera Aspire,Ahmedabad West,Single phase,https://www.squareyards.com/ahmedabad-residential-property/goyal-riviera-aspire/228546/project
388179,VTP Bellissimo,Pune,Single phase,https://www.squareyards.com/pune-residential-property/vtp-bellissimo/153577/project
388209,Sharanya Altura,Ahmedabad (All),Single phase,https://www.squareyards.com/ahmedabad-residential-property/sharanya-altura/228301/project
388275,Aishwaryam Insignia,Pune,Single phase,https://www.squareyards.com/pune-residential-property/aishwaryam-insignia/152338/project
388670,Kalyans Skyway 9,Hyderabad,Single phase,https://www.squareyards.com/hyderabad-residential-property/kalyan-skyway-9/177303/project
389184,Eminence 96,Ahmedabad West,Single phase,https://www.squareyards.com/ahmedabad-residential-property/arista-eminence-96/247565/project
389216,Sureka Sunrise Aura,Kolkata,Single phase,https://www.squareyards.com/kolkata-residential-property/sureka-sunrise-aura/192544/project
389272,Casagrand Aquene,Bangalore,Single phase,https://www.squareyards.com/bangalore-residential-property/casagrand-aquene/147200/project
389421,Pride Panorama,Mumbai,Single phase,https://www.squareyards.com/mumbai-residential-property/pride-panorama-mumbai/189130/project
390295,Paradigm Anantaara,Western Mumbai,Single phase,https://www.squareyards.com/mumbai-residential-property/paradigm-anantaara/242331/project
390851,Raghav Paradise,Western Mumbai,Single phase,https://www.squareyards.com/mumbai-residential-property/raghav-paradise/158101/project
391272,Sukra Majesticka Grande,ROI,Single phase,https://www.squareyards.com/coimbatore-residential-property/sukra-majesticka-grande/316725/project
391738,Sattva Aeropolis,Bangalore,Single phase,https://www.squareyards.com/bangalore-residential-property/salarpuria-sattva-aeropolis/151032/project
391740,Sattva Aqua Vista,Bangalore,Single phase,https://www.squareyards.com/bangalore-residential-property/salarpuria-aqua-vista/100647/project
391741,TVS Emerald Jardin,Bangalore South,Single phase,https://www.squareyards.com/bangalore-residential-property/tvs-emerald-jardin/152261/project
391947,Ananyas AA Garden,ROI,Single phase,https://www.squareyards.com/coimbatore-residential-property/ananyas-garden-at-vadavalli/316735/project
391991,Theme Imperial,Hyderabad,Single phase,https://www.squareyards.com/hyderabad-residential-property/theme-imperial/182464/project
392369,DSR Highland Greenz,Bangalore,Single phase,https://www.squareyards.com/bangalore-residential-property/dsr-highland-greenz/113071/project
393021,Gemini Aster,Chennai,Single phase,https://www.squareyards.com/chennai-residential-property/arboretum-gemini-aster/250570/project
393052,DSR Skymarq,Hyderabad,Single phase,https://www.squareyards.com/hyderabad-residential-property/dsr-sky-marq/218582/project
393562,Polaris Casarica,Ahmedabad (All),Single phase,https://www.squareyards.com/ahmedabad-residential-property/polaris-casarica/247253/project
393708,The Islands by Gaurs,Greater Noida,Single phase,https://www.squareyards.com/greater-noida-residential-property/gaurs-the-islands/159282/project
393900,EKA Elitas,Pune,Single phase,https://www.squareyards.com/pune-residential-property/eka-elitas/216819/project
394019,Mohan Precious Greens,Thane Outskirts,Single phase,https://www.squareyards.com/thane-residential-property/mohan-precious-greens/159199/project
394292,Ashwamedh Ratnaprabha,Pune,Single phase,https://www.squareyards.com/pune-residential-property/ashwamedh-ratnaprabha/212392/project
394631,Altezza by The Palm,Ahmedabad (All),Single phase,https://www.squareyards.com/ahmedabad-residential-property/the-palm-altezza/250608/project
394748,Adish Aradhra,Bangalore,Single phase,https://www.squareyards.com/bangalore-residential-property/adish-aradhra/213337/project
394877,My Home Wakad,Pune West,Single phase,https://www.squareyards.com/pune-residential-property/goyal-my-homes-wakad/180487/project
394878,Aaiji Crystal,Pune East,Single phase,https://www.squareyards.com/pune-residential-property/aaiji-crystal/184799/project
394931,Raj High Gardens,Bangalore,Single phase,https://www.squareyards.com/bangalore-residential-property/snn-raj-high-gardens/134095/project
395174,Promax Dreamville Home,Bangalore,Single phase,https://www.squareyards.com/bangalore-residential-property/promax-dreamville-home/189019/project
395251,Vishwanath Sarathya West,Ahmedabad (All),Single phase,https://www.squareyards.com/ahmedabad-residential-property/vishwanath-sarathya-west/246510/project
395412,Ashiana Malhar,Pune,Single phase,https://www.squareyards.com/pune-residential-property/ashiana-malhar/166799/project
395606,Maple Sky Residences at Navins Starwood,Chennai,Single phase,https://www.squareyards.com/chennai-residential-property/navins-starwood-towers/250803/project
395609,Ambuja Urvisha The Condoville,Kolkata East,Single phase,https://www.squareyards.com/kolkata-residential-property/ambuja-urvisha-the-condoville/137220/project
395716,Fusion The Brook,Greater Noida,Single phase,https://www.squareyards.com/greater-noida-residential-property/fusion-the-brook/162900/project
395806,DAC Prathyangira,Chennai,Single phase,https://www.squareyards.com/chennai-residential-property/dac-prathyangira/224885/project
396053,Vivaan Ixora,Ahmedabad (All),Single phase,https://www.squareyards.com/ahmedabad-residential-property/vivaan-ixora/229679/project
396174,Dharti Skyline,Ahmedabad (All),Single phase,https://www.squareyards.com/ahmedabad-residential-property/dharti-skyline/228966/project
396695,JRC Wild Woods,Bangalore,Single phase,https://www.squareyards.com/bangalore-residential-property/jrc-wild-woods/179874/project
396698,Mars Planet,Bangalore,Single phase,https://www.squareyards.com/bangalore-residential-property/mars-the-planet/188072/project
396796,Pristine iLife,Pune East,Single phase,https://www.squareyards.com/pune-residential-property/pristine-ilife/190363/project
396799,Keya Around The Life,Bangalore,Single phase,https://www.squareyards.com/bangalore-residential-property/keya-around-the-life/188759/project
396805,Prestige Glenbrook,Bangalore,Single phase,https://www.squareyards.com/bangalore-residential-property/prestige-glenbrook/234743/project
396925,Majestique The Ornate,Pune West,Single phase,https://www.squareyards.com/pune-residential-property/majestique-the-ornate/170725/project
396980,Atri Rays,Kolkata,Single phase,https://www.squareyards.com/kolkata-residential-property/atri-rays/247319/project
397113,Sanctorum,Kolkata North,Single phase,https://www.squareyards.com/kolkata-residential-property/eden-the-sanctorum/192002/project
397582,Om Sree Gallaxy,Hyderabad,Single phase,https://www.squareyards.com/hyderabad-residential-property/om-sree-gallaxy/180582/project
397709,Godrej Woodsville,Pune,Single phase,https://www.squareyards.com/pune-residential-property/godrej-woodsville/176225/project
397833,Brigade Horizon,Bangalore,Single phase,https://www.squareyards.com/bangalore-residential-property/brigade-horizon/175481/project
397983,Pavani Mirabilia,Bangalore,Single phase,https://www.squareyards.com/bangalore-residential-property/pavani-mirabilia/180232/project
398191,Godrej Green Estate,ROI,Single phase,https://www.squareyards.com/sonipat-residential-property/godrej-green-estate/214503/project
398215,EIPL Corner Stone,Hyderabad,Single phase,https://www.squareyards.com/hyderabad-residential-property/eipl-corner-stone/188610/project
398444,Radiance Flourish,Chennai North,Single phase,https://www.squareyards.com/chennai-residential-property/radiance-flourish/189253/project
398586,Ceratec Presidential Towers,Pune,Single phase,https://www.squareyards.com/pune-residential-property/ceratec-presidential-towers/180236/project
398743,Nahar Grandeur,Chennai,Single phase,https://www.squareyards.com/chennai-residential-property/nahar-grandeur/307430/project
398757,Trendsquares Ortus 3,Bangalore,Single phase,https://www.squareyards.com/bangalore-residential-property/trendsquare-ortus-apartment/106644/project
398803,Swati Symphony,Ahmedabad West,Single phase,https://www.squareyards.com/ahmedabad-residential-property/swati-symphony/229764/project
399073,SBR Minara,Bangalore,Single phase,https://www.squareyards.com/bangalore-residential-property/sbr-minara/204785/project
399106,Arihant One,Greater Noida,Single phase,https://www.squareyards.com/greater-noida-residential-property/arihant-one/213558/project
399112,Radiance Majestic,Chennai,Single phase,https://www.squareyards.com/chennai-residential-property/radiance-majestic/189946/project
399334,Chheda Avighna,Mira Bhayandar,Single phase,https://www.squareyards.com/thane-residential-property/chheda-avighna/188829/project
399575,DGS Sheetal Mayra,Beyond Mira Road,Single phase,https://www.squareyards.com/palghar-residential-property/dgs-sheetal-mayra/188853/project
399608,DAC Manapark,Chennai,Single phase,https://www.squareyards.com/chennai-residential-property/dac-manapark/231804/project
399694,Vinayak Atlantis,Kolkata East,Single phase,https://www.squareyards.com/kolkata-residential-property/vinayak-atlantis/223237/project
399826,Samanvay The Amelias,ROI,Single phase,https://www.squareyards.com/resale-2-bhk-954-sq-ft-apartment-in-samanvay-the-amelias/7376984
399887,Ambrosia by Adani Realty,Ahmedabad (All),Single phase,https://www.squareyards.com/ahmedabad-residential-property/adani-ambrosia/229506/project
400347,Saradeuz Olympus,Chennai,Single phase,https://www.squareyards.com/chennai-residential-property/saradeuz-olympus/323921/project
400423,Vaanya,Kolkata,Single phase,https://www.squareyards.com/kolkata-residential-property/ps-vaanya/211024/project
400435,CRC Joyous,Greater Noida,Single phase,https://www.squareyards.com/greater-noida-residential-property/crc-joyous/111068/project
400436,Ivory County,Noida,Single phase,https://www.squareyards.com/noida-residential-property/ivory-county/231028/project
400481,DAC Medallion,Chennai,Single phase,https://www.squareyards.com/chennai-residential-property/dac-medallion/239596/project
400534,Amolik Aster Woods,Faridabad,Single phase,https://www.squareyards.com/faridabad-residential-property/amolik-aster-woods/217581/project
400934,Visions Arsha,Hyderabad,Single phase,https://www.squareyards.com/hyderabad-residential-property/vision-arsha/220707/project
401138,Roswalt Zaiden,Western Mumbai,Single phase,https://www.squareyards.com/mumbai-residential-property/roswalt-zaiden/205689/project
401530,Raj Bay Vista,Bangalore,Single phase,https://www.squareyards.com/bangalore-residential-property/snn-raj-bay-vista/220265/project
401542,Casagrand Aria,Chennai,Single phase,https://www.squareyards.com/chennai-residential-property/casagrand-aria/234740/project
401645,Riviera Majestica,Ahmedabad West,Single phase,https://www.squareyards.com/ahmedabad-residential-property/goyal-riviera-majestica/228545/project
401648,Keya Spring,Bangalore,Single phase,https://www.squareyards.com/bangalore-residential-property/keya-springs/234530/project
401796,Bramhacorp August Towers,Pune East,Single phase,https://www.squareyards.com/pune-residential-property/bramhacorp-august-towers/210649/project
401902,Bhagwati Elysia 2,Navi Mumbai,Single phase,https://www.squareyards.com/navi-mumbai-residential-property/bhagwati-elysia/143592/project
402370,Vasavi Crown East,Hyderabad,Single phase,https://www.squareyards.com/hyderabad-residential-property/vasavi-crown-east/217337/project
402421,Mahidhara Harmony,Bangalore,Single phase,https://www.squareyards.com/bangalore-residential-property/mahidhara-harmony/210647/project
402429,Mathapathi Grand Field,Bangalore,Single phase,https://www.squareyards.com/bangalore-residential-property/mathapathi-grand-field/220875/project
402612,Kopren Park View,Ahmedabad (All),Single phase,https://www.squareyards.com/ahmedabad-residential-property/shoolin-kopren-park-view/250625/project
402728,Sublime Spring Elmas,Greater Noida,Single phase,https://www.squareyards.com/greater-noida-residential-property/sublime-spring-elmas/217291/project
402881,SNR Safa,Bangalore,Single phase,https://www.squareyards.com/bangalore-residential-property/snr-safa/212076/project
402904,Godrej Athena,Bangalore East,Single phase,https://www.squareyards.com/bangalore-residential-property/godrej-athena/216095/project
402982,Gala Ikebana,Ahmedabad West,Single phase,https://www.squareyards.com/ahmedabad-residential-property/gala-ikebana/244487/project
402990,Shriram Pristine Estates,Bangalore,Single phase,https://www.squareyards.com/bangalore-residential-property/shriram-pristine-estates/210697/project
403083,Prestige Elm Park,Bangalore East,Single phase,https://www.squareyards.com/bangalore-residential-property/prestige-elm-park/216110/project
403086,Sattva Bliss,Bangalore,Single phase,https://www.squareyards.com/bangalore-residential-property/salarpuria-sattva-bliss/217595/project
403366,DS Max Samyak,Bangalore,Single phase,https://www.squareyards.com/bangalore-residential-property/ds-max-samyak/217412/project
403416,Casagrand Primrose,Chennai,Single phase,https://www.squareyards.com/chennai-residential-property/casagrand-primrose/244642/project
403482,Kolte Patil Life Republic Aros,Pune West,Single phase,https://www.squareyards.com/pune-residential-property/kolte-patil-life-republic-aros/243061/project
403616,DS Max Shreshta,Bangalore,Single phase,https://www.squareyards.com/bangalore-residential-property/ds-max-shresta/217421/project
403699,Godrej Five Gardens,Mumbai South,Single phase,https://www.squareyards.com/mumbai-residential-property/godrej-five-gardens/216193/project
403847,Adore Smart City,Faridabad,Single phase,https://www.squareyards.com/faridabad-residential-property/adore-smart-city/217530/project
403945,Irish Platinum,Noida,Single phase,https://www.squareyards.com/greater-noida-residential-property/irish-platinum/245846/project
404559,Casagrand Majestica,Chennai,Single phase,https://www.squareyards.com/chennai-residential-property/casagrand-majestica/222937/project
404560,CasaGrand Elysium,Chennai,Single phase,https://www.squareyards.com/chennai-residential-property/casagrand-elysium/222051/project
404561,Etha Su Casa Valley,Kolkata,Single phase,https://www.squareyards.com/kolkata-residential-property/etha-su-casa-royal/111402/project
404615,Russel Lions Gate,Chennai,Single phase,https://www.squareyards.com/chennai-residential-property/russel-lions-gate/248321/project
404653,Yuva Sunrise,Bangalore,Single phase,https://www.squareyards.com/bangalore-residential-property/yuva-sunrise/218166/project
404764,Vivaan Essence,Ahmedabad (All),Single phase,https://www.squareyards.com/ahmedabad-residential-property/vivaan-essence/229599/project
404811,APR Praveens Eterno,Hyderabad,Single phase,https://www.squareyards.com/hyderabad-residential-property/apr-praveens-eterno/223469/project
404929,Chandak Treesourus,Western Mumbai,Single phase,https://www.squareyards.com/mumbai-residential-property/chandak-treesourus/213009/project
405003,Radhey Skye,Hyderabad,Single phase,https://www.squareyards.com/hyderabad-residential-property/radhey-skye/225598/project
405130,Pranathis Kiara,Hyderabad,Single phase,https://www.squareyards.com/hyderabad-residential-property/pranathi-kiara/220340/project
405131,Lodha Panache,Pune,Single phase,https://www.squareyards.com/pune-residential-property/lodha-panache/219514/project
405172,Jains Fairmount Sri Ram Garden 2,Hyderabad,Single phase,https://www.squareyards.com/hyderabad-residential-property/jain-sri-ram-garden/29913/project
405318,Prestige Lavender Fields,Bangalore,Single phase,https://www.squareyards.com/bangalore-residential-property/prestige-lavender-fields/221459/project
405502,VVIP Namah,Ghaziabad,Single phase,https://www.squareyards.com/ghaziabad-residential-property/vvip-namah/231025/project
405663,Satyam Altura,Navi Mumbai,Single phase,https://www.squareyards.com/navi-mumbai-residential-property/satyam-altura/210302/project
405789,Pacific One Pyramid,Navi Mumbai,Single phase,https://www.squareyards.com/navi-mumbai-residential-property/pacific-one-pyramid/220426/project
405940,Abhilasha By Shlok Group,Ahmedabad (All),Single phase,https://www.squareyards.com/ahmedabad-residential-property/shlok-abhilasha/250291/project
406108,Lodha Aura New Cuffe Parade,Mumbai(All),Single phase,https://www.squareyards.com/mumbai-residential-property/lodha-new-cuffe-parade/2823/project
406621,Casagrand Zaiden,Bangalore,Single phase,https://www.squareyards.com/bangalore-residential-property/casagrand-zaiden/222135/project
406639,Oblong Vega 4,Chennai,Single phase,https://www.squareyards.com/chennai-residential-property/oblong-the-vega/251915/project
406866,5 Dugar,Chennai,Single phase,https://www.squareyards.com/chennai-residential-property/5-dugar/248186/project
406892,Nirala Trio,Greater Noida,Single phase,https://www.squareyards.com/greater-noida-residential-property/nirala-trio/109588/project
406898,Highline by AG Group,Ahmedabad (All),Single phase,https://www.squareyards.com/ahmedabad-residential-property/ag-highline/228352/project
407065,Casagrand Aspires,Chennai,Single phase,https://www.squareyards.com/chennai-residential-property/casagrand-aspires/222648/project
407338,Levonor Egeira,Hyderabad,Single phase,https://www.squareyards.com/hyderabad-residential-property/levonor-egeira/221759/project
407744,Purva Blubelle,Bangalore,Single phase,https://www.squareyards.com/bangalore-residential-property/purva-blubelle/220579/project
407935,Sowparnika Life On The Green,Bangalore,Single phase,https://www.squareyards.com/bangalore-residential-property/sowparnika-life-on-the-green/223278/project
407956,Techno Aakasa,Mumbai(All),Single phase,https://www.squareyards.com/mumbai-residential-property/techno-aakasa/221824/project
408305,Ram Address One,Pune,Single phase,https://www.squareyards.com/pune-residential-property/ram-india-address-one/224723/project
408676,Vivaan Oliver,Ahmedabad (All),Single phase,https://www.squareyards.com/ahmedabad-residential-property/vivaan-oliver/246162/project
409008,Sobha Neopolis,Bangalore,Single phase,https://www.squareyards.com/bangalore-residential-property/sobha-neopolis/220345/project
409011,Fusion The Rivulet,Greater Noida,Single phase,https://www.squareyards.com/greater-noida-residential-property/fusion-the-rivulet/224848/project
409166,Dream Elegance,Pune,Single phase,https://www.squareyards.com/pune-residential-property/dream-elegance/223833/project
409476,Casagrand Hanford,Hyderabad,Single phase,https://www.squareyards.com/hyderabad-residential-property/casagrand-handford/222966/project
409515,Sameera IRIS,Chennai,Single phase,https://www.squareyards.com/chennai-residential-property/sameera-iris/189596/project
409549,Protech Pride,ROI,Single phase,https://www.squareyards.com/guwahati-residential-property/protech-pride/309395/project
409651,ORO Constella,ROI,Single phase,https://www.squareyards.com/lucknow-residential-property/oro-constella/228333/project
409753,Godrej Tropical Isle,Noida,Single phase,https://www.squareyards.com/noida-residential-property/godrej-tropical-isle/227972/project
409859,Nest Art,Chennai,Single phase,https://www.squareyards.com/chennai-residential-property/the-nest-art/223847/project
409873,Radiance Regalia,ROI,Single phase,https://www.squareyards.com/coimbatore-residential-property/radiance-regalia/317029/project
410064,Vivaan Aura,Ahmedabad (All),Single phase,https://www.squareyards.com/ahmedabad-residential-property/vivaan-aura/229652/project
410244,Sapthagiri Sandalwoods,Bangalore,Single phase,https://www.squareyards.com/bangalore-residential-property/sapthagiri-sandalwoods/229049/project
410304,Super Shaligram,Ahmedabad (All),Single phase,https://www.squareyards.com/ahmedabad-residential-property/super-shaligram/232304/project
410443,Kavisha Aer,Ahmedabad (All),Single phase,https://www.squareyards.com/ahmedabad-residential-property/kavisha-aer/229633/project
410449,Prestige Park Grove,Bangalore,Single phase,https://www.squareyards.com/bangalore-residential-property/prestige-park-grove/229414/project
410494,Esteem South Park,Bangalore,Single phase,https://www.squareyards.com/bangalore-residential-property/esteem-south-park/222984/project
410501,GP Homes Valencia Ruby,Chennai,Single phase,https://www.squareyards.com/chennai-residential-property/gp-valencia-ruby/247906/project
410569,Gracewood Elegance,ROI,Single phase,https://www.squareyards.com/vadodara-residential-property/gracewood-elegance/318496/project
410631,M3M The Cullinan,Noida,Single phase,https://www.squareyards.com/noida-residential-property/m3m-the-cullinan/224290/project
410658,Sacred Shivansh,Ahmedabad (All),Single phase,https://www.squareyards.com/ahmedabad-residential-property/sacred-shivansh/247379/project
410741,Sattva Lake Ridge,Hyderabad,Single phase,https://www.squareyards.com/hyderabad-residential-property/sattva-lakeridge/224841/project
411449,ATCO La Vivant,Bangalore,Single phase,https://www.squareyards.com/bangalore-residential-property/atco-lavivant/231662/project
411514,Bachraj Legend,Beyond Mira Road,Single phase,https://www.squareyards.com/palghar-residential-property/bachraj-legend/225163/project
411643,Vivaan Solitaire,Ahmedabad (All),Single phase,https://www.squareyards.com/ahmedabad-residential-property/vivaan-solitaire/229720/project
411745,Anuhar Gautami Heights,Hyderabad,Single phase,https://www.squareyards.com/hyderabad-residential-property/anuhar-gautami-heights/227790/project
411844,Unique Luxuria,Ahmedabad (All),Single phase,https://www.squareyards.com/ahmedabad-residential-property/unique-luxuria-ahmedabad/229569/project
411905,Polaris Calice,Ahmedabad (All),Single phase,https://www.squareyards.com/ahmedabad-residential-property/polaris-calice/246778/project
411947,Kamaxi Avenue,ROI,Single phase,https://www.squareyards.com/vadodara-residential-property/kamaxi-avenue/318563/project
412358,Kohinoor Famville,Pune,Single phase,https://www.squareyards.com/pune-residential-property/kohinoor-famville/226233/project
412360,ANP Autograph,Pune West,Single phase,https://www.squareyards.com/pune-residential-property/anp-autograph/226331/project
412508,Swati Premier,Ahmedabad West,Single phase,https://www.squareyards.com/ahmedabad-residential-property/swati-premier/246054/project
412517,Vivaan Orbit,Ahmedabad (All),Single phase,https://www.squareyards.com/ahmedabad-residential-property/vivaan-orbit/246069/project
412546,DLF Privana South,Gurugram,Single phase,https://www.squareyards.com/gurgaon-residential-property/dlf-privana-south/238058/project
412548,Ruby Horizon,Chennai,Single phase,https://www.squareyards.com/chennai-residential-property/ruby-horizon/245952/project
413358,Urbanrise The World of Joy,Hyderabad,Single phase,https://www.squareyards.com/hyderabad-residential-property/urbanrise-the-world-of-joy/229567/project
413380,Birla Trimaya,Bangalore,Single phase,https://www.squareyards.com/bangalore-residential-property/birla-trimaya/228605/project
413381,DNR Parklink,Bangalore,Single phase,https://www.squareyards.com/bangalore-residential-property/dnr-parklink/230156/project
413382,Shriram Solitaire,Bangalore,Single phase,https://www.squareyards.com/bangalore-residential-property/shriram-solitaire/225557/project
413590,Godrej Emerald Waters,Pune North,Single phase,https://www.squareyards.com/pune-residential-property/godrej-emerald-waters/224444/project
413980,Sri Balaji Serene,Bangalore,Single phase,https://www.squareyards.com/bangalore-residential-property/sri-balaji-serene/235371/project
413990,Rohan Ekam,Pune,Single phase,https://www.squareyards.com/pune-residential-property/rohan-ekam/229491/project
414339,Experion Elements,Noida,Single phase,https://www.squareyards.com/noida-residential-property/experion-elements/246908/project
414367,Adarsh Welkin Park,Bangalore,Single phase,https://www.squareyards.com/bangalore-residential-property/adarsh-welkin-park/222634/project
414403,Aarohi Avinya,Ahmedabad (All),Single phase,https://www.squareyards.com/ahmedabad-residential-property/siddhi-aarohi-avinya/247620/project
414839,Patteeswarar Paradise Magizham,ROI,Single phase,https://www.squareyards.com/coimbatore-residential-property/patteeswarar-paradise-magizham/316697/project
415113,Golfland at Vanaha,Pune,Single phase,https://www.squareyards.com/pune-residential-property/shapoorji-pallonji-vanaha-golfland/231944/project
415216,Sampada Central Residency,Hyderabad,Single phase,https://www.squareyards.com/hyderabad-residential-property/sampada-central-residency/231032/project
415396,Raheja Exotica Cyprus,Mumbai(All),Single phase,https://www.squareyards.com/mumbai-residential-property/raheja-exotica-cyprus/232376/project
415650,Eldeco La Vida Bella,Greater Noida,Single phase,https://www.squareyards.com/greater-noida-residential-property/eldeco-la-vida-bella/247493/project
415717,Bhoo Aabharana,Bangalore,Single phase,https://www.squareyards.com/bangalore-residential-property/bhoo-aabharana/234295/project
415825,Purti The Varanda,Kolkata,Single phase,https://www.squareyards.com/kolkata-residential-property/purti-the-varanda/231906/project
415896,Emerald Gardenia,ROI,Single phase,https://www.squareyards.com/indore-residential-property/emerald-gardenia/315880/project
415958,JRC Sanzio,Bangalore,Single phase,https://www.squareyards.com/bangalore-residential-property/jrc-sanzio/250072/project
416159,Lodha Mirabelle,Bangalore,Single phase,https://www.squareyards.com/bangalore-residential-property/lodha-mirabelle/233846/project
416283,Bharat Alta Vistas,Western Mumbai,Single phase,https://www.squareyards.com/mumbai-residential-property/bharat-alta-vistas/232957/project
416461,Shubh Tristar,Pune,Single phase,https://www.squareyards.com/pune-residential-property/shubh-tristar/239004/project
416670,Casagrand Flamingo,Bangalore,Single phase,https://housing.com/in/buy/projects/page/308161-casagrand-flamingo-by-casagrand-builder-private-limited-in-hsr-layout
416684,SR Serenity,Bangalore,Single phase,https://www.squareyards.com/bangalore-residential-property/sr-serenity/164369/project
417011,Neelkanth Palm President,Mumbai(All),Single phase,https://www.squareyards.com/navi-mumbai-residential-property/neelkanth-palm-president/235005/project
417023,Rohan Harita,Pune,Single phase,https://www.squareyards.com/pune-residential-property/rohan-harita/233269/project
417100,Lodha Riservo,Mumbai,Single phase,https://www.squareyards.com/mumbai-residential-property/lodha-riservo/234355/project
417556,The Sovereign,Ahmedabad (All),Single phase,https://www.squareyards.com/ahmedabad-residential-property/ashima-the-sovereign/246844/project?utm_source=chatgptcom
417559,Adani Embrace,Ahmedabad (All),Single phase,https://www.squareyards.com/ahmedabad-residential-property/adani-embrace/238173/project
417864,Luxuria,Mumbai(All),Single phase,https://www.squareyards.com/thane-residential-property/vihang-luxuria/235432/project
417888,Posh Ville,Ahmedabad (All),Single phase,https://www.squareyards.com/ahmedabad-residential-property/saamarth-posh-ville/249980/project
418319,Brigade Sanctuary,Bangalore,Single phase,https://www.squareyards.com/bangalore-residential-property/brigade-sanctuary/234550/project
418615,Edmont Aurelia,Mumbai,Single phase,https://www.squareyards.com/mumbai-residential-property/sheth-edmont-aurelia/234701/project
418623,Kanakia Beverly Heights,Mumbai(All),Single phase,https://www.squareyards.com/thane-residential-property/kanakia-beverly-heights/226952/project
418697,Provident Deansgate,Bangalore,Single phase,https://www.squareyards.com/bangalore-residential-property/provident-deansgate/234552/project
418840,SKYi 5 Racecourse,Pune,Single phase,https://www.squareyards.com/pune-residential-property/skyi-5-racecourse/235521/project
418866,Hill Crest Oaks,Mumbai(All),Single phase,https://www.squareyards.com/mumbai-residential-property/crest-oaks/237837/project
418966,NSL East Luxoria,Hyderabad,Single phase,https://www.squareyards.com/hyderabad-residential-property/nsl-east-luxoria/237202/project
419028,Goldenkey Meraki,Hyderabad,Single phase,https://www.squareyards.com/hyderabad-residential-property/goldenkey-meraki/195445/project
419031,Kavisha The Portrait,Ahmedabad (All),Single phase,https://www.squareyards.com/ahmedabad-residential-property/kavisha-the-portrait/246051/project
419421,Purva Soukhyam,Chennai,Single phase,https://www.squareyards.com/chennai-residential-property/purva-soukhyam/244577/project
419500,Goyal Orchid Salisbury,Bangalore,Single phase,https://www.squareyards.com/bangalore-residential-property/goyal-orchid-salisbury/236314/project
419821,Aadhya Arambh,Ahmedabad (All),Single phase,https://www.squareyards.com/ahmedabad-residential-property/shikhar-aadhya-arambh/247861/project
419935,Vista Residences,Mumbai,Single phase,https://www.squareyards.com/mumbai-residential-property/hiranandani-vista-residences/237277/project
419984,Supreme Towers,Pune,Single phase,https://www.squareyards.com/pune-residential-property/eastwood-supreme-towers/237525/project
420047,Devaloke Sonarcity,Kolkata(All),Single phase,https://www.squareyards.com/kolkata-residential-property/devaloke-sonar-city/223226/project
420281,Kakkad Bella Casa,Pune,Single phase,https://www.squareyards.com/pune-residential-property/kakkad-bella-casa/143331/project
420301,Tarc Kailasa,Delhi,Single phase,https://www.squareyards.com/delhi-residential-property/tarc-kailasa/240026/project
420326,Rajapushpa Casa Luxura,Hyderabad,Single phase,https://www.squareyards.com/hyderabad-residential-property/rajapushpa-casa-luxura/236900/project
420338,Capital Royal Casa,ROI,Single phase,https://www.squareyards.com/dehradun-residential-property/capital-royal-casa/306685/project
420343,Concorde Antares,Bangalore,Single phase,https://www.squareyards.com/bangalore-residential-property/concorde-antares/238169/project
420469,Sri Nandana Galaxy,Bangalore,Single phase,https://www.squareyards.com/bangalore-residential-property/sri-nandana-galaxy/237260/project
420665,Grand La Palazzo,Bangalore,Single phase,https://www.squareyards.com/bangalore-residential-property/tbc-grand-la-palazzo/237699/project
420851,Suraj Lumina,Mumbai(All),Single phase,https://www.squareyards.com/mumbai-residential-property/suraj-lumina/247964/project
421123,Sri Garudadri Gardens,Bangalore,Single phase,https://www.squareyards.com/bangalore-residential-property/sri-garudadri-gardenia/113517/project
421126,Ruby Arcadia,Chennai,Single phase,https://www.squareyards.com/chennai-residential-property/ruby-arcadia/246661/project
421330,Anamika High Point,Ahmedabad (All),Single phase,https://www.squareyards.com/ahmedabad-residential-property/constera-anamika-high-point/244764/project
421404,SG Vista,Ghaziabad,Single phase,https://www.squareyards.com/ghaziabad-residential-property/sg-vista/239320/project
421530,DS Max Sista Grand,Bangalore,Single phase,https://www.squareyards.com/bangalore-residential-property/ds-max-sista-grand/237651/project
421768,Goyal Orchid Life,Bangalore,Single phase,https://www.squareyards.com/bangalore-residential-property/goyal-orchid-life/237652/project
421806,Mantra Magnus,Pune,Single phase,https://www.squareyards.com/pune-residential-property/mantra-magnus/239793/project
421898,Falcon by BHP Housing,Bangalore,Single phase,https://www.squareyards.com/bangalore-residential-property/bhavisha-falcon/240846/project
422115,Vaibhavis Vihaan Shikhara,Hyderabad,Single phase,https://www.squareyards.com/resale-3-bhk-pooja-room-1450-sq-ft-apartment-in-vaibhavi-vihaan-shikhara/7809871
422149,SNN Estates Felicity,Bangalore,Single phase,https://www.squareyards.com/bangalore-residential-property/snn-felicity/241919/project
422150,Godrej Woodscapes,Bangalore,Single phase,https://www.squareyards.com/bangalore-residential-property/godrej-woodscapes/239203/project
422453,Assetz 66 and Shibui,Bangalore,Single phase,https://www.squareyards.com/bangalore-residential-property/assetz-66-and-shibui/243243/project
422558,Godrej Reserve,Mumbai,Single phase,https://www.squareyards.com/mumbai-residential-property/godrej-reserve-kandivali/243614/project
422868,DS Max Sky Samurai,Bangalore,Single phase,https://www.squareyards.com/bangalore-residential-property/ds-max-sky-samurai/244584/project
422910,Casagrand Medora,Chennai,Single phase,https://www.squareyards.com/chennai-residential-property/casagrand-medora/243843/project
422935,SSVR Niyaara,Bangalore,Single phase,https://www.squareyards.com/bangalore-residential-property/ssvr-niyaara/244662/project
422985,Serenity Shivam,Ahmedabad (All),Single phase,https://www.squareyards.com/ahmedabad-residential-property/serenity-shivam/246845/project
422989,Melodies of Life,Bangalore,Single phase,https://www.squareyards.com/bangalore-residential-property/assetz-inspira-melodies-of-life/242619/project
423085,Raheja Solaris 3,Mumbai(All),Single phase,https://www.squareyards.com/navi-mumbai-residential-property/raheja-solaris/112762/project
423182,Pristine O2 World,Pune,Single phase,https://www.squareyards.com/pune-residential-property/pristine-o2-world/245239/project
423193,Aanya Crystal Antara,Mumbai(All),Single phase,https://www.squareyards.com/thane-residential-property/luxora-crystal-antara/242574/project
423236,Prestige Somerville,Bangalore,Single phase,https://www.squareyards.com/bangalore-residential-property/prestige-somerville/245675/project
423306,Kochar Gagan,Chennai,Single phase,https://www.squareyards.com/chennai-residential-property/kochar-gagan/246042/project
423376,Casagrand Mercury,Chennai,Single phase,https://www.squareyards.com/chennai-residential-property/casagrand-mercury/245448/project
423585,Casagrand Suncity,Chennai,Single phase,https://www.squareyards.com/chennai-residential-property/casagrand-suncity/245804/project
423851,Ramsons East Park Residences,Bangalore,Single phase,https://www.squareyards.com/bangalore-residential-property/ramsons-trendsquares-east-park-residences/245889/project
423882,Malabar Retreat a Project by Ganesh Housing,Ahmedabad(All),Single phase,https://www.squareyards.com/ahmedabad-residential-property/ganesh-malabar-retreat/245980/project
424010,Elite X,Greater Noida,Single phase,https://www.squareyards.com/greater-noida-residential-property/elite-x/245845/project
424098,Modern Spaaces Engrace Vista,Bangalore,Single phase,https://www.squareyards.com/bangalore-residential-property/modern-engrace-vista/245808/project
424173,Assetz Sora and Saki,Bangalore,Single phase,https://www.squareyards.com/bangalore-residential-property/assetz-sora-and-saki/245805/project
424323,Codename Triumph,Mumbai,Single phase,https://www.squareyards.com/mumbai-residential-property/adani-airica/245769/project
424417,Vajram Newtown 2,Bangalore,Single phase,https://www.squareyards.com/bangalore-residential-property/vajram-newtown/13636/project
424433,Provident Botanico,Bangalore,Single phase,https://www.squareyards.com/bangalore-residential-property/provident-botanico/233454/project
424563,Mana Skandas The Right Life,Bangalore,Single phase,https://www.squareyards.com/bangalore-residential-property/mana-the-right-life/246696/project
424721,Kiwale Navyam,Pune,Single phase,https://www.squareyards.com/pune-residential-property/kiwale-navyam/245888/project
425033,Ace Terra,Greater Noida,Single phase,https://www.squareyards.com/greater-noida-residential-property/ace-terra/246906/project
425268,Godrej Jardinia,Noida,Single phase,https://www.squareyards.com/noida-residential-property/godrej-jardinia/246953/project
425392,Realmark Amora,Kolkata,Single phase,https://www.squareyards.com/kolkata-residential-property/realmark-amora/247025/project
425506,Casagrand Amor,Bangalore,Single phase,https://www.squareyards.com/bangalore-residential-property/casagrand-amor/246140/project
425507,DS Max Sky Blossom,Bangalore,Single phase,https://www.squareyards.com/bangalore-residential-property/ds-max-sky-blossom/246459/project
425871,Renaissance The Baya Sunrise,Mumbai(All),Single phase,https://www.squareyards.com/mumbai-residential-property/the-baya-sunrise/247119/project
425958,Krisala 41 Luxovert,Pune,Single phase,https://www.squareyards.com/pune-residential-property/krisala-41-luxovert/246974/project
425959,Astrana,Pune,Single phase,https://www.squareyards.com/pune-residential-property/holystico-astrana/247031/project
426003,Kesineni Northscape,Hyderabad,Single phase,https://www.squareyards.com/hyderabad-residential-property/kesineni-northscape/247170/project
426079,Darsshan Promesa Fremont,Mumbai(All),Single phase,https://www.squareyards.com/mumbai-residential-property/promesa-fremont/245719/project
426127,Sobha Elysia,Ahmedabad (All),Single phase,https://www.squareyards.com/ahmedabad-residential-property/sobha-elysia/247645/project
426150,Vaswani Starlight,Bangalore,Single phase,https://www.squareyards.com/bangalore-residential-property/vaswani-starlight/247126/project
426159,Nimbus The Palm Village,Noida,Single phase,https://www.squareyards.com/greater-noida-residential-property/nimbus-the-palm-village/247100/project
426335,Paradise Sai Platinum,Mumbai(All),Single phase,https://www.squareyards.com/navi-mumbai-residential-property/paradise-sai-platinum/247141/project
426518,DSR The Courtyard,Bangalore,Single phase,https://www.squareyards.com/bangalore-residential-property/dsr-the-courtyard/246702/project
426539,Aristo The Regal,Ahmedabad (All),Single phase,https://www.squareyards.com/ahmedabad-residential-property/aristo-the-regal/250057/project
426628,Promise of Spring,Bangalore,Single phase,https://www.squareyards.com/bangalore-residential-property/assetz-promise-of-spring/246863/project
426710,Isha HILife,Bangalore,Single phase,https://www.squareyards.com/bangalore-residential-property/isha-hilife/247666/project
426777,Trifecta Vanto,Bangalore,Single phase,https://www.squareyards.com/bangalore-residential-property/trifecta-vanto/247157/project
426778,Tricity Aura,Mumbai(All),Single phase,https://www.squareyards.com/navi-mumbai-residential-property/tricity-aura/247854/project
426786,Casagrand Casablanca,Bangalore,Single phase,https://www.squareyards.com/bangalore-residential-property/casagrand-casablanca/247733/project
426815,Pavitra Luxury Residences,Mohali,Single phase,https://www.squareyards.com/zirakpur-residential-property/pavitra-luxury-residences/251540/project
426888,United Sai Silicon Heights,Bangalore,Single phase,https://www.squareyards.com/bangalore-residential-property/united-sai-silicon-heights/308229/project
426925,RRL Palacio,Bangalore,Single phase,https://www.squareyards.com/bangalore-residential-property/rrl-palacio/247218/project
426926,Casagrand Vivacity,Bangalore,Single phase,https://www.squareyards.com/bangalore-residential-property/casagrand-vivacity/247214/project
426929,Green Edge Signature,Bangalore,Single phase,https://www.squareyards.com/bangalore-residential-property/green-edge-signature/247217/project
427026,Axis Oaklyn,Bangalore,Single phase,https://www.squareyards.com/bangalore-residential-property/axis-oaklyn/246767/project
427038,Casagrand Hola Chennai,Chennai,Single phase,https://www.squareyards.com/chennai-residential-property/casagrand-hola/247940/project
427043,Casagrand French Town,Chennai,Single phase,https://www.squareyards.com/chennai-residential-property/casagrand-french-town/247905/project
427272,Sanjeevini Aarna,Bangalore,Single phase,https://www.squareyards.com/bangalore-residential-property/sanjeevini-aarna/148428/project
427295,MP Kumudham Enclave Yamuna,Chennai,Single phase,https://www.squareyards.com/chennai-residential-property/mp-kumudham-enclave/312281/project
427386,Saamarth Twinland,Ahmedabad (All),Single phase,https://www.squareyards.com/ahmedabad-residential-property/saamarth-twinland/250001/project
427388,Jashn Elevate,ROI,Single phase,https://www.squareyards.com/lucknow-residential-property/jashn-elevate/249128/project
427454,SJRS Infracity,ROI,Single phase,https://www.squareyards.com/varanasi-residential-property/sjrs-infracity/247948/project
427484,Parth Kiona,Pune,Single phase,https://www.squareyards.com/pune-residential-property/parth-kiona/247237/project
427769,Sattva Green Groves,Bangalore,Single phase,https://www.squareyards.com/bangalore-residential-property/sattva-green-groves/247757/project
427851,Vaishno Serene,Bangalore,Single phase,https://www.squareyards.com/bangalore-residential-property/vaishno-serene/248790/project
427907,Brigade Insignia,Bangalore,Single phase,https://www.squareyards.com/bangalore-residential-property/brigade-insignia/248548/project
427979,Concorde Mayfair,Bangalore,Single phase,https://www.squareyards.com/bangalore-residential-property/concorde-mayfair/91391/project
428040,Myhna Orchid,Bangalore,Single phase,https://www.squareyards.com/bangalore-residential-property/myhna-orchid/248399/project
428221,Kabra Embraze,Mumbai(All),Single phase,https://www.squareyards.com/mumbai-residential-property/kabra-embraze/249337/project
428235,Kohinoor Central Park,Pune,Single phase,https://www.squareyards.com/pune-residential-property/kohinoor-central-park/249248/project
428365,Gami Satyam Palacio,Mumbai(All),Single phase,https://www.squareyards.com/navi-mumbai-residential-property/gami-satyam-palacio/248482/project
428567,Polaris Callisto,Ahmedabad (All),Single phase,https://www.squareyards.com/ahmedabad-residential-property/polaris-callisto/248517/project
428573,Ekarth Sarvam,Ahmedabad (All),Single phase,https://www.squareyards.com/ahmedabad-residential-property/ekarth-sarvam/249645/project
428601,Kochar Jewel,Chennai,Single phase,https://www.squareyards.com/chennai-residential-property/kochar-jewel/244404/project
428685,MP Golden Heights,Chennai,Single phase,https://www.squareyards.com/chennai-residential-property/mp-golden-heights/306361/project
428703,Ruby Courtyard,Chennai,Single phase,https://www.squareyards.com/chennai-residential-property/ruby-courtyard/323947/project
428716,Shriram 122 West,Chennai,Single phase,https://www.squareyards.com/chennai-residential-property/shriram-122-west/237576/project
428719,Century Regalia,Bangalore(All),Single phase,https://www.squareyards.com/bangalore-residential-property/century-regalia/248496/project
428931,Saranya Swarovski,Bangalore,Single phase,https://www.squareyards.com/bangalore-residential-property/saranya-swarovski/248682/project
429180,Bhagwati Celestria,Mumbai(All),Single phase,https://www.squareyards.com/navi-mumbai-residential-property/bhagwati-celestria/247268/project
429182,The Olympia,Mumbai(All),Single phase,https://www.squareyards.com/navi-mumbai-residential-property/kalpana-the-olympia/251900/project
429184,Nava Vajra,Bangalore,Single phase,https://www.squareyards.com/bangalore-residential-property/nava-vajra/247743/project
429275,Casagrand Estilo,Chennai,Single phase,https://www.squareyards.com/chennai-residential-property/casagrand-estilo/306295/project
429358,SPR Binny Sky Tower 1,Chennai,Single phase,https://www.squareyards.com/chennai-residential-property/spr-binny-sky/306358/project
429365,Vindhya Primrose,Kolkata,Single phase,https://www.squareyards.com/kolkata-residential-property/vindhya-primrose/250198/project
429459,Kolte Patil Springshire,Pune,Single phase,https://www.squareyards.com/pune-residential-property/kolte-patil-springshire/252000/project
429477,Vishnupriya,Kolkata,Single phase,https://www.squareyards.com/kolkata-residential-property/vishnu-priya/251012/project
429486,Claremont by Origin,Mumbai,Single phase,https://www.squareyards.com/mumbai-residential-property/origin-claremont/248152/project
429659,Purvanchal Royal Atlantis,ROI,Single phase,https://www.squareyards.com/lucknow-residential-property/purvanchal-royal-atlantis/306787/project
429967,Dosti Willow,Mumbai(All),Single phase,https://www.squareyards.com/thane-residential-property/dosti-willow/251905/project
429968,TVS Isle of Trees,Bangalore,Single phase,https://www.squareyards.com/bangalore-residential-property/tvs-emerald-isle-of-trees/306171/project
430075,Prestige Raintree Park,Bangalore,Single phase,https://www.squareyards.com/bangalore-residential-property/prestige-raintree-park/308195/project
430082,Euphoria in The East,Bangalore,Single phase,https://www.squareyards.com/bangalore-residential-property/sowparnika-euphoria/306394/project
430204,Casagrand Avenuepark,Chennai,Single phase,https://www.squareyards.com/chennai-residential-property/casagrand-avenue-park/306283/project
430209,Casagrand Laurels,Chennai,Single phase,https://www.squareyards.com/chennai-residential-property/casagrand-laurels/247020/project
430213,Sattva Springs,Bangalore,Single phase,https://www.squareyards.com/bangalore-residential-property/sattva-springs/306851/project
430219,Eros Sampoornam 3,Greater Noida,Single phase,https://www.squareyards.com/greater-noida-residential-property/eros-sampoornam-iii/20711/project
430231,Godrej Nurture,Mumbai,Single phase,https://www.squareyards.com/mumbai-residential-property/godrej-nurture-mumbai/306678/project
430241,Sumadhura Epitome,Bangalore,Single phase,https://www.squareyards.com/bangalore-residential-property/sumadhura-epitome/308782/project
430246,Avianna Invicta,Mumbai(All),Single phase,https://www.squareyards.com/navi-mumbai-residential-property/avianna-invicta/198763/project
430372,Godrej River Crest,Pune,Single phase,https://www.squareyards.com/pune-residential-property/godrej-river-crest/306823/project
430588,CRC Maesta,Greater Noida,Single phase,https://www.squareyards.com/greater-noida-residential-property/crc-maesta/305975/project
430664,PRANAMI BLISS,Mumbai(All),Single phase,https://www.squareyards.com/mumbai-residential-property/pranami-bliss/306800/project
430890,Malhar Magnus Evoq,Pune,Single phase,https://www.squareyards.com/pune-residential-property/malhar-magnus-evoq/306021/project
430897,Satra Nexus,Mumbai,Single phase,https://www.squareyards.com/mumbai-residential-property/satra-nexus/307146/project
430928,Zodiac Anjaneshwar,Mumbai,Single phase,https://www.squareyards.com/mumbai-residential-property/zodiac-anjaneshwar/312319/project
430976,Rewild Doddaballapura,Bangalore,Single phase,https://www.squareyards.com/bangalore-residential-property/rewild-doddaballapura/248492/project
430987,Kolte Canvas,Pune,Single phase,https://www.squareyards.com/pune-residential-property/kolte-patil-life-republic-canvas/306275/project
430996,Pride Euphora,Bangalore,Single phase,https://www.squareyards.com/bangalore-residential-property/pride-euphora/307500/project
431064,Forest Hills at The Prestige City,Mumbai,Single phase,https://www.squareyards.com/mumbai-residential-property/the-prestige-city/152232/project
431532,Kalpataru Advay,Mumbai,Single phase,https://housing.com/in/buy/projects/page/328657-kalpataru-advay-by-kalpataru-group-in-borivali-west
431965,Gaur NYC Residences,Ghaziabad,Single phase,https://housing.com/in/buy/projects/page/329136-gaursons-nyc-residencies-by-gaurs-group-in-bamheta-village
432133,Agarwal Emerald Kingsvilla,ROI,Single phase,https://www.squareyards.com/indore-residential-property/agarwal-emerald-nirvana/316090/project
432470,Mahagun My Laagoon,Greater Noida,Single phase,https://www.squareyards.com/greater-noida-residential-property/mahagun-my-laagoon/308317/project
432489,Sri Sai Nandana Royal,Bangalore,Single phase,https://www.squareyards.com/bangalore-residential-property/sri-nandana-royal/13684/project
432506,Nambiar District 25,Bangalore,Single phase,https://www.squareyards.com/bangalore-residential-property/nambiar-district-25/324750/project
432510,Birla Ojasvi,Bangalore,Single phase,https://www.squareyards.com/bangalore-residential-property/birla-ojasvi/308446/project
432522,Sattva Songbird,Bangalore,Single phase,https://www.squareyards.com/bangalore-residential-property/sattva-songbird/308458/project
432543,Sattva Lumina,Bangalore,Single phase,https://www.squareyards.com/bangalore-residential-property/sattva-lumina/308457/project
432547,DSR The Address,Bangalore,Single phase,https://www.squareyards.com/bangalore-residential-property/dsr-the-address/308455/project
432566,DS MAX SkySanman,Bangalore,Single phase,https://www.squareyards.com/bangalore-residential-property/ds-max-sky-sanman/307912/project
433250,Rohan Saroha,Pune,Single phase,https://www.squareyards.com/pune-residential-property/rohan-saroha/251914/project
433575,Royal Castle,Chennai,Single phase,https://www.squareyards.com/chennai-residential-property/amarprakash-the-royal-castle/80287/project
433611,Renox Thrive,Greater Noida,Single phase,https://www.squareyards.com/greater-noida-residential-property/renowned-renox-thrive/308677/project
433630,Arihant Avanti Palace,Mumbai(All),Single phase,https://www.squareyards.com/thane-residential-property/arihant-avanti/307509/project
433641,Wave Eden,Ghaziabad,Single phase,https://www.squareyards.com/ghaziabad-residential-property/uchdpl-eden/308777/project
433734,Purvi Arvindam,Bangalore,Single phase,https://www.squareyards.com/bangalore-residential-property/sai-purvi-arvindam/308772/project
433742,Godrej Lakeside Orchard,Bangalore,Single phase,https://www.squareyards.com/bangalore-residential-property/godrej-lakeside-orchard/309030/project
433805,DS MAX Sky Sisira,Bangalore,Single phase,https://www.squareyards.com/bangalore-residential-property/ds-max-sky-sisira/323726/project
433855,Ace Hanei,Greater Noida,Single phase,https://www.squareyards.com/greater-noida-residential-property/ace-hanei/312065/project
433863,Kamdhenu Crown,Navi Mumbai,Single phase,https://www.squareyards.com/navi-mumbai-residential-property/kamdhenu-crown/312364/project
434518,Artemis Address,Bangalore(All),Single phase,https://www.squareyards.com/bangalore-residential-property/artemis-address/234354/project
434519,Ananda The Legacey,Hyderabad,Single phase,https://www.squareyards.com/hyderabad-residential-property/ananda-the-legacey/307555/project
434528,Rohaan Ashoka,Chennai,Single phase,https://www.squareyards.com/chennai-residential-property/rohaan-ashoka/249686/project
434535,Concorde Neo,Bangalore,Single phase,https://www.squareyards.com/bangalore-residential-property/concorde-neo/309007/project
434549,Lorven Cascade Garden,Bangalore,Single phase,https://www.squareyards.com/bangalore-residential-property/lorven-cascade-garden/324737/project
434568,Brigade Citrine,Bangalore,Single phase,https://www.squareyards.com/bangalore-residential-property/brigade-citrine/324569/project
434570,Sattva Bhumi,Bangalore,Single phase,https://www.squareyards.com/bangalore-residential-property/sattva-bhumi/312424/project
434593,Rechi Anandi View,Kolkata,Single phase,https://rechi-anandi-view.mavenoak.in/
434608,Eldeco Fairway Reserve,Gurugram,Single phase,https://www.squareyards.com/gurgaon-residential-property/eldeco-fairway-reserve/324073/project
434959,Millennium Samriddhi,Pune,Single phase,https://www.squareyards.com/pune-residential-property/millennium-samriddhi/251953/project
435520,Satyam Stella,Mumbai(All),Single phase,https://www.squareyards.com/navi-mumbai-residential-property/satyam-stella/312422/project
435636,Adarsh Lumina,Bangalore(All),Single phase,https://www.squareyards.com/bangalore-residential-property/adarsh-lumina/311984/project
435892,Vertex Florenza,Hyderabad,Single phase,https://www.squareyards.com/hyderabad-residential-property/vertex-florenza/181593/project
435926,Godrej Blue,Kolkata,Single phase,https://www.squareyards.com/kolkata-residential-property/godrej-blue/324353/project
436183,Godrej Evergreen Square,Pune,Single phase,https://www.squareyards.com/pune-residential-property/godrej-evergreen-square/324419/project
436841,Navanaami Courtyard Of Life,Bangalore,Single phase,https://www.squareyards.com/bangalore-residential-property/navanaami-courtyard-of-life/312427/project
437068,Dream Meadows,Mumbai(All),Single phase,https://www.squareyards.com/navi-mumbai-residential-property/dream-meadows/324967/project
437293,Eastfield by Urbanest Realty,Bangalore,Single phase,https://www.squareyards.com/bangalore-residential-property/urbanest-east-field/324573/project
437900,EV 23 Malibu West,Mumbai(All),Single phase,https://www.squareyards.com/navi-mumbai-residential-property/ev-23-malibu-west/324186/project
437982,Nova 10 Elegance,Mumbai(All),Single phase,https://www.squareyards.com/navi-mumbai-residential-property/nova-10-elegance/325020/project
