District,Project Name,Promoter Name,Certificate No.
Alappuzha,GJ LAVENDER,GJ PROPERTIES,K-RERA/PRJ/ALP/148/2024
Alappuzha,PURSUIT OF HAPPINESS,UNINEST DEVELOPERS PRIVATE LIMITED,K-RERA/PRJ/ALP/053/2024
Alappuzha,ASSET NILAAVU,ASSET HOMES PRIVATE LIMITED,K-RERA/PRJ/ALP/044/2023
Alappuzha,PARVATHY RESIDENCY,PARVATHY RESIDENCY,K-RERA/PRJ/001/2022
Alappuzha,CAMELOT,APSTONE INFRASTRUCTURE Pvt Ltd,K-RERA/PRJ/135/2021
Alappuzha,SILPI MARIGOLD,SILPI PROJECTS,K-RERA/PRJ/ALP/035/2021
Alappuzha,NATE VENECIA,NATE BUILDERS PRIVATE LIMITED,K-RERA/PRJ/161/2021
Alappuzha,Venice Prestige,Venice Builders,K-RERA/PRJ/024/2021
Ernakulam,Prakriti Sattva,Prakriti Architects and Builders,K-RERA/PRJ/ERN/034/2025
Ernakulam,Green City,Mammen Paul,K-RERA/PRJ/ERN/033/2025
Ernakulam,POOJA ARCADE,PRAVEENKUMAR E A,K-RERA/PRJ/ERN/031/2025
Ernakulam,DD GREEN GARDENS,DESAI HOMES,K-RERA/PRJ/ERN/030/2025
Ernakulam,CLASSIC INDIAN EARTH,Classic Constructions,K-RERA/PRJ/ERN/025/2025
Ernakulam,JAIRAJ SANVI,JAIRAJ PROJECTS PRIVATE LIMITED,K-RERA/PRJ/ERN/022/2025
Ernakulam,OMG SOVEREIGN VILLAS EAST,OMG PROPERTIES PRIVATE LIMITED,K-RERA/PRJ/ERN/021/2025
Ernakulam,TRINITY ESTILLA,GREEN LEAF BUILDERS AND DEVELOPERS INDIA PRIVATE LIMITED,K-RERA/PRJ/ERN/018/2025
Ernakulam,ROYAL CASTLE,DEODATE BUILDERS AND DEVELOPERS PRIVATE LIMITED,K-RERA/PRJ/ERN/017/2025
Ernakulam,THE TOUCH,NOEL VILLAS AND APARTMENTS,K-RERA/PRJ/ERN/016/2025
Ernakulam,CASA AVENTIS,Level 100 Realty Pvt Ltd,K-RERA/PRJ/ERN/015/2025
Ernakulam,SOPHIA NEST,Joyce George,K-RERA/PRJ/ERN/009/2025
Ernakulam,HEAVEN HONOUR,MEGHA HABITATS LLP,K-RERA/PRJ/ERN/006/2025
Ernakulam,THE FEATHER,NOEL VILLAS AND APARTMENTS,K-RERA/PRJ/ERN/253/2024
Ernakulam,SFS SONG OF NIGHTINGALE,SKYLINE FOUNDATIONS AND STRUCTURES PRIVATE LIMITED,K-RERA/PRJ/ERN/249/2024
Ernakulam,Elyssium,Level 100 Realty Pvt Ltd,K-RERA/PRJ/ERN/247/2024
Ernakulam,Orchid Village,Paul Poulose Eapen,K-RERA/PRJ/ERN/245/2024
Ernakulam,LOTUS CHENNAS ARCADE,VEDAPURI LOTUS PROPERTIES PVT LTD,K-RERA/PRJ/ERN/240/2024
Ernakulam,ASIAN GLORY,ASIAN DEVELOPERS,K-RERA/PRJ/ERN/239/2024
Ernakulam,Krishna Tower,Praphulla Chandran,K-RERA/PRJ/ERN/238/2024
Ernakulam,BHANU BHAVAN BY VARMA,VARMA HOMES PRIVATE LIMITED,K-RERA/PRJ/ERN/237/2024
Ernakulam,Providence Surabhi,Providence Lifespace,K-RERA/PRJ/ERN/233/2024
Ernakulam,QUEENS GATEWAY BY VARMA,VARMA HOMES PRIVATE LIMITED,K-RERA/PRJ/ERN/226/2024
Ernakulam,Abad Tanzeel Green,ABAD BUILDERS PVT LTD,K-RERA/PRJ/ERN/225/2024
Ernakulam,VASUDHA,P GOPALAKRISHNAN,K-RERA/PRJ/ERN/221/2024
Ernakulam,GLORIAG APARTMENTS,GEORGE THEKKEL AUGUSTINE,K-RERA/PRJ/ERN/219/2024
Ernakulam,TRINITY NOVA,TRINITY ARCADE PVT LTD,K-RERA/PRJ/ERN/218/2024
Ernakulam,GREHA FIVE ELEMENTS,GREHA HOMES PVT LTD,K-RERA/PRJ/ERN/212/2024
Ernakulam,ASSET JGT ANANDA MALIKA,ASSET JGT PRIVATE LIMITED,K-RERA/PRJ/ERN/203/2024
Ernakulam,LOTUS BHARATHY ENCLAVE,VEDAPURI LOTUS PROPERTIES PVT LTD,K-RERA/PRJ/ERN/201/2024
Ernakulam,MARITIME PRIME,MARITIME BUILDERS PRIVATE LIMITED,K-RERA/PRJ/ERN/197/2024
Ernakulam,ASSET BUTTERFLIES,ASSET HOMES PRIVATE LIMITED,K-RERA/PRJ/ERN/196/2024
Ernakulam,Anns Garden,VARGHESE EDAKKERIYIL PATHROSE,K-RERA/PRJ/ERN/194/2024
Ernakulam,KURINJI PLOT,BABU AND MM ANTONY JOSEPH,K-RERA/PRJ/ERN/193/2024
Ernakulam,GRAND CYPRESS,Malabar Developers Private Limited,K-RERA/PRJ/ERN/192/2024
Ernakulam,SFS LA FORTUNA,SKYLINE FOUNDATIONS AND STRUCTURES PRIVATE LIMITED,K-RERA/PRJ/ERN/189/2024
Ernakulam,ORIDAM,CHATEAU KAVE BUILD WORKS OPC PRIVATE LIMITED,K-RERA/PRJ/ERN/188/2024
Ernakulam,ANVITA RENOVA,ANVITA BUILDERS PVT LTD,K-RERA/PRJ/ERN/187/2024
Ernakulam,iDfix Rose Villa,IDFIX BUILDERS PVT LTD,K-RERA/PRJ/ERN/186/2024
Ernakulam,Sunpaul Grace,Eldho Mathew,K-RERA/PRJ/ERN/184/2024
Ernakulam,Skyline Hilltop,M/s Skyline Builders,K-RERA/PRJ/ERN/183/2024
Ernakulam,KALARIKKANS K MALL,LICHENBUILDER,K-RERA/PRJ/ERN/182/2024
Ernakulam,VEEGALAND QUEENS PARK,VEEGALAND DEVELOPERS PRIVATE LIMITED,K-RERA/PRJ/ERN/181/2024
Ernakulam,MALIEKAL GARDENS,TOBY JOSEPH,K-RERA/PRJ/ERN/180/2024
Ernakulam,PRITHVI by SIDDHI HOMES,SIDDHI HOMES,K-RERA/PRJ/ERN/179/2024
Ernakulam,SMS OASIS,SMS BUILDERS,K-RERA/PRJ/ERN/178/2024
Ernakulam,HAVEN,JOHN PAUL REALTY,K-RERA/PRJ/ERN/176/2024
Ernakulam,AKB Arcade,Grande Homes,K-RERA/PRJ/ERN/175/2024
Ernakulam,AC MANUELS,AC CITY PROJECTS PVT LTD,K-RERA/PRJ/ERN/174/2024
Ernakulam,"Joyalukkas Gold Tower, Vazhakkala",Joyalukkas Lifestyle Developers Pvt Ltd,K-RERA/PRJ/ERN/173/2024
Ernakulam,Harmony Heights,Chinnamma David,K-RERA/PRJ/ERN/171/2024
Ernakulam,DREAMFLOWER LEYENDA,DREAM FLOWER HOUSING PROJECTS PVT LTD,K-RERA/PRJ/ERN/170/2024
Ernakulam,DREAMFLOWER LA-CASITA -2,DREAM FLOWER HOUSING PROJECTS PVT LTD,K-RERA/PRJ/ERN/168/2024
Ernakulam,PRIME MERIDIAN METROPOLITAN,MERITRA HOMES PVT LTD,K-RERA/PRJ/ERN/164/2024
Ernakulam,Yeskay Pearl View Apartments,Yeskay Builders,K-RERA/PRJ/ERN/163/2024
Ernakulam,PARADISE,SWASTHI HOMES,K-RERA/PRJ/ERN/162/2024
Ernakulam,MID AVENUE,Jamna,K-RERA/PRJ/ERN/161/2024
Ernakulam,PB ZAIRE,PB HOMES PVT LTD,K-RERA/PRJ/ERN/160/2024
Ernakulam,The Quayside 12,TRINE INFRASTRUCTURE & LEASE LLP,K-RERA/PRJ/ERN/159/2024
Ernakulam,GREEN TREE,AR Builders & Contractors,K-RERA/PRJ/ERN/158/2024
Ernakulam,HAVEN WOODS,Paulose Paily,K-RERA/PRJ/ERN/153/2024
Ernakulam,ORCHARD,MARSIC PROJECTS PVT LTD,K-RERA/PRJ/ERN/147/2024
Ernakulam,CASADEL ABOVE THE WORLD,CASADEL BUILDERS INDIA PRIVATE LIMITED,K-RERA/PRJ/ERN/146/2024
Ernakulam,GOOD EARTH UMANG,GOOD EARTH INDIA INFRA LIMITED,K-RERA/PRJ/ERN/145/2024
Ernakulam,VENTURA DALIA,Ventura Realtors India Pvt Ltd,K-RERA/PRJ/ERN/144/2024
Ernakulam,Campus Heights,M/s Kem Builders,K-RERA/PRJ/ERN/140/2024
Ernakulam,GRACELAND FOUNDATION PHASE 2 - ELDERDALE PROJECT,GRACELAND FOUNDATIONS,K-RERA/PRJ/ERN/139/2024
Ernakulam,Thiruvaniyoor Plots,Benoy Benjamin,K-RERA/PRJ/ERN/132/2024
Ernakulam,VISHRAAM TYKHE,Vishraam Builders and Developers Pvt Ltd,K-RERA/PRJ/ERN/123/2024
Ernakulam,VENTURA IRIS,Ventura Realtors India Pvt Ltd,K-RERA/PRJ/ERN/121/2024
Ernakulam,AZURI VISTA PHASE 1,Synthite Infrastructure Project Pvt Ltd,K-RERA/PRJ/ERN/119/2024
Ernakulam,Swan Green Isle,Swan Developers,K-RERA/PRJ/ERN/118/2024
Ernakulam,EMBASSY SUITES,SOUTHERN SUPERSTRUCTURES PRIVATE LIMITED,K-RERA/PRJ/ERN/109/2024
Ernakulam,Galaxy Swiss Royale,Galaxy Homes Pvt Ltd,K-RERA/PRJ/ERN/107/2024
Ernakulam,SWAN GREEN EARTH,SWAN PROPERTY DEVELOPERS INDIA PVT LTD,K-RERA/PRJ/ERN/106/2024
Ernakulam,MEXICAN BUNGALOWS -PHASE1,Greentech Builders and Developers,K-RERA/PRJ/ERN/104/2024
Ernakulam,SCOTLAND YARD VILLAS,Greentech Builders and Developers,K-RERA/PRJ/ERN/103/2024
Ernakulam,GREENCASA VILLAS,Greentech Builders and Developers,K-RERA/PRJ/ERN/102/2024
Ernakulam,MJ Residency,MJ Builders,K-RERA/PRJ/ERN/097/2024
Ernakulam,SPANISH VILLAS,Greentech Builders and Developers,K-RERA/PRJ/ERN/095/2024
Ernakulam,Claysys Highlands,CLAYSYS LIFESTYLE PRIVATE LIMITED,K-RERA/PRJ/ERN/086/2024
Ernakulam,Udayamperoor Plots,Saramma Joseph,K-RERA/PRJ/ERN/082/2024
Ernakulam,ABAD MAGNIFICENT,ABAD BUILDERS PVT LTD,K-RERA/PRJ/ERN/081/2024
Ernakulam,TULSI LALITA,TULSI DEVELOPERS INDIA PRIVATE LIMITED,K-RERA/PRJ/ERN/077/2024
Ernakulam,Inspire Capita,M/s Inspire Homes Engineers & Realtors Pvt Ltd,K-RERA/PRJ/ERN/075/2024
Ernakulam,CONFIDENT GATEWAY,Confident Projects Residential,K-RERA/PRJ/ERN/074/2024
Ernakulam,GRACELAND FOUNDATIONS,GRACELAND FOUNDATIONS,K-RERA/PRJ/ERN/072/2024
Ernakulam,SKYLINE SANCTUARY,M/s Skyline Builders,K-RERA/PRJ/ERN/067/2024
Ernakulam,FIRM,REDPORCH NEST PVT LTD,K-RERA/PRJ/ERN/066/2024
Ernakulam,SOPHIA AMELIA,Joyce George,K-RERA/PRJ/ERN/065/2024
Ernakulam,LEVEL100 ROOTS,Level 100 Realty Pvt Ltd,K-RERA/PRJ/ERN/062/2024
Ernakulam,DD GLOBAL KINGDOM,DESAI HOMES,K-RERA/PRJ/ERN/061/2024
Ernakulam,ROYALE COURTYARD,MOTIF BUILDERS AND DEVELOPERS Pvt Ltd,K-RERA/PRJ/ERN/060/2024
Ernakulam,THE WAVE CASTLE,BUILDOWN DEVELOPERS PRIVATE LIMITED,K-RERA/PRJ/ERN/058/2024
Ernakulam,AMPLE,REDPORCH NEST PVT LTD,K-RERA/PRJ/ERN/057/2024
Ernakulam,CH Vaikund,Akshay S Kamath,K-RERA/PRJ/ERN/055/2024
Ernakulam,MAPLETREE LIVING - THE LANTERN,MAPLETREE HABITATS LLP,K-RERA/PRJ/ERN/054/2024
Ernakulam,GD CHAITHANYA APARTMENTS AND GD CENTRE,GD BUILDERS,K-RERA/PRJ/ERN/051/2024
Ernakulam,RABBIT HABITAT,Venkateshwara Realtors,K-RERA/PRJ/ERN/042/2024
Ernakulam,Sobha Atlantis Phase 2 block 1 and 2,Sobha Limited,K-RERA/PRJ/ERN/040/2024
Ernakulam,ELEGANCE,RAJEEV GANGADHARAN,K-RERA/PRJ/ERN/037/2024
Ernakulam,Anugraha Srishti Kochi - III,NISARGA ENGINEERING INDIA PRIVATE LIMITED,K-RERA/PRJ/ERN/035/2024
Ernakulam,OMG LAVENDER,OMG PROPERTIES PRIVATE LIMITED,K-RERA/PRJ/ERN/034/2024
Ernakulam,IDENTITY URBAN VILLAGE,Pavalius Homes Pvt Ltd,K-RERA/PRJ/ERN/028/2024
Ernakulam,GREENLAND HIILTOP,Greenland Properties and devolopers,K-RERA/PRJ/ERN/026/2024
Ernakulam,SFS CONSTELLATION,SKYLINE FOUNDATIONS AND STRUCTURES PRIVATE LIMITED,K-RERA/PRJ/ERN/020/2024
Ernakulam,Kalyan A Different Story,Kalyan Developers,K-RERA/PRJ/ERN/019/2024
Ernakulam,"ASSET THE AVON, BRIDGETOWN",ASSET HOMES PRIVATE LIMITED,K-RERA/PRJ/ERN/015/2024
Ernakulam,SANTHI MELROSE,ALMARK HOUSING CO PVT LTD,K-RERA/PRJ/ERN/008/2024
Ernakulam,DREAMFLOWER VALENTIA,DREAM FLOWER HOUSING PROJECTS PVT LTD,K-RERA/PRJ/ERN/240/2023
Idukki,CASLA HOMES DOZEN,M/s Casla Homes LLP,K-RERA/PRJ/IDK/055/2023
Idukki,Hill Homes,New Moon Builders,K-RERA/PRJ/IDK/203/2022
Idukki,Winterlake Kuttikanam,Ei Holdings,K-RERA/PRJ/IDK/015/2022
Idukki,MIRTH FOLIAGE,TRIWORLD DEVELOPERS,K-RERA/PRJ/087/2021
Kannur,SREEROSH ORCHARD,SREEROSH DEVELOPERS PVT LTD,K-RERA/PRJ/KNR/091/2024
Kannur,RAHMA APARTMENTS,SALAMCHOLLI ABDUL SALAM,K-RERA/PRJ/KNR/227/2023
Kannur,Good Earth Saarang,Good Earth Eco Development Private Limited,K-RERA/PRJ/KNR/158/2023
Kannur,SREEROSH LAURELS,SREEROSH DEVELOPERS PVT LTD,K-RERA/PRJ/KNR/068/2023
Kannur,GOLDEN NEST,PVS Builders & Developers,K-RERA/PRJ/KNR/039/2023
Kannur,THANA SQUARE,THANA SQUARE,K-RERA/PRJ/KNR/212/2022
Kannur,SKYLINE WINGS,M/s Skyline Builders,K-RERA/PRJ/KNR/155/2022
Kannur,Sailors Cove,MIR BUILDERS AND DEVELOPERS PVT LTD,K-RERA/PRJ/198/2021
Kannur,SREEROSH CITADEL,SREEROSH DEVELOPERS PVT LTD,K-RERA/PRJ/KNR/116/2022
Kannur,HEALERS HAVEN,TELLICHERRY IMA DOCTORS ALLIANCE LLP,K-RERA/PRJ/KNR/041/2022
Kannur,ASSET MAGNUM,ASSET HOMES PRIVATE LIMITED,K-RERA/PRJ/KNR/040/2022
Kannur,SREEROSH SYMPHONY,SREEROSH DEVELOPERS PVT LTD,K-RERA/PRJ/KNR/007/2022
Kannur,LEVIS CASA,Levi Thomas,K-RERA/PRJ/KNR/058/2021
Kannur,LEVIS CASA,Levi Thomas,K-RERA/PRJ/KNR/058/2021
Kannur,PVS CLASSIC,PVS Builders & Developers,K-RERA/PRJ/087/2020
Kannur,HIGHLINE PARK,Highline Builders and Developers,K-RERA/PRJ/298/2020
Kannur,ASSET RAINTREE,ASSET HOMES PRIVATE LIMITED,K-RERA/PRJ/029/2020
Kannur,ASSET SENATE,ASSET HOMES PRIVATE LIMITED,K-RERA/PRJ/105/2020
Kannur,SREEROSH SPRINGDALE,SREEROSH DEVELOPERS PVT LTD,K-RERA/PRJ/069/2020
Kannur,SREEROSH IRIS,SREEROSH DEVELOPERS PVT LTD,K-RERA/PRJ/070/2020
Kannur,SREEROSH SEA BREEZE,SREEROSH DEVELOPERS PVT LTD,K-RERA/PRJ/045/2020
Kannur,SREEROSH ORBIT,SREEROSH DEVELOPERS PVT LTD,K-RERA/PRJ/267/2020
Kannur,ASSET CHAMBER,ASSET HOMES PRIVATE LIMITED,K-RERA/PRJ/KNR/010/2021
Kannur,SECURA CENTRE KANNUR,Secura Developers Pvt Ltd,K-RERA/PRJ/060/2020
Kasaragod,ZURA LUXURY LIVING,Kad Builders And Developpers Pvt LtdEW,K-RERA/PRJ/KSD/120/2022
Kasaragod,TABASCO INN,TABASCO HINDUSTAN INFRA DEVELOPERS PVT LTD,K-RERA/PRJ/011/2022
Kollam,Venad Lakeview,Venad Builders and Developers Private Limited,K-RERA/PRJ/KLM/199/2024
Kollam,Ramani Swamy Enclave,RAMANI REALTORS PRIVATE LIMITED,K-RERA/PRJ/357/2020
Kollam,DREAMS MALL,DESINGANADU RAPID DEVELOPMENT and ASSISTANCE CO OPERATIVE SOCIETY LTD,K-RERA/PRJ/KLM/011/2024
Kollam,ADDRESS ASHRAMAM,ADDRESS BUILDERS AND DEVELOPERS LLP,K-RERA/PRJ/KLM/018/2023
Kollam,VAIDYA ROSE GARDEN,VAIDYA HOMES,K-RERA/PRJ/190/2021
Kollam,KCHELL RESIDENCY,KCHELL INFRASTRUCTURE AND TRADING COMPANY PRIVATE LIMITED,K-RERA/PRJ/KLM/078/2021
Kollam,PUTRI BHOOMI,PUTRI BUILDERS AND CONTRACTORS PRIVATE LIMITED,K-RERA/PRJ/KLM/034/2021
Kollam,ASSET TKM GRANDIOS STERLING,ASSETINDIA INFRAPROJECTS PRIVATE LIMITED,K-RERA/PRJ/302/2020
Kollam,ASSET TKM GRANDIOS SANFORD,ASSETINDIA INFRAPROJECTS PRIVATE LIMITED,K-RERA/PRJ/103/2020
Kollam,ARTECH PALM MEADOWS,ARTECH REALTORS PRIVATE LIMITED,K-RERA/PRJ/083/2020
Kollam,ARTECH VGP SKY VILLAGE,ARTECH REALTORS PRIVATE LIMITED,K-RERA/PRJ/050/2020
Kollam,KSK MOUNT CASTLE,KSK INFRA PROPERTIES,K-RERA/PRJ/064/2021
Kollam,Mathruka Luxury Flats,Mathruka Realtors Private Limited,K-RERA/PRJ/336/2020
Kottayam,R V BUILDERS AND DEVELOPERS,KIRAN K,K-RERA/PRJ/KTM/026/2025
Kottayam,REYASUDEEN A A,REYASUDDEEN,K-RERA/PRJ/KTM/256/2024
Kottayam,CHANDYS GRACE APARTMENTS,CHANDY'S BUILDERS,K-RERA/PRJ/KTM/254/2024
Kottayam,Gardens,ANU SHAJI,K-RERA/PRJ/KTM/190/2024
Kottayam,SHELTERS HIGHLAND,SHELTERS REALTY,K-RERA/PRJ/KTM/143/2024
Kottayam,Hillocks Apartment,Nile Homes Private Limited,K-RERA/PRJ/KTM/137/2024
Kottayam,ASSET ALPZ,ASSET HOMES PRIVATE LIMITED,K-RERA/PRJ/KTM/101/2024
Kottayam,SOWPARNIKA CANNARY,Sowparnika Projects & Infrasturcture Pvt Ltd,K-RERA/PRJ/KTM/099/2024
Kottayam,ASSET SERENITY,ASSET HOMES PRIVATE LIMITED,K-RERA/PRJ/KTM/238/2023
Kottayam,ASSET WINCHESTER,ASSET HOMES PRIVATE LIMITED,K-RERA/PRJ/KTM/235/2023
Kottayam,Pushpagiriyil Santos Residency,Pushpagiriyil Builders and Developers,K-RERA/PRJ/KTM/234/2023
Kottayam,DWELLING HOMES,FELIX JOHNS,K-RERA/PRJ/KTM/229/2023
Kottayam,ARTECH RIO,ARTECH REALTORS PRIVATE LIMITED,K-RERA/PRJ/KTM/203/2023
Kottayam,WINTER CASTLE,VAGAMON RESORTS AND APARTMENTS PRIVATE LIMITED,K-RERA/PRJ/KTM/195/2023
Kottayam,CONFIDENT SILVEROAK,Confident Projects Residential,K-RERA/PRJ/KTM/150/2023
Kottayam,SKYLINE CENTRAL AVENUE,M/s Skyline Builders,K-RERA/PRJ/KTM/095/2023
Kottayam,Kairali Peace Manor,Kairali Constructions Pvt Ltd,K-RERA/PRJ/KTM/082/2023
Kottayam,NTP LORDS VALLEY - Phase 6,NTP HOMES PRIVATE LIMITED,K-RERA/PRJ/KTM/034/2023
Kottayam,BOUGAIN VILLA,KCC HOMES PRIVATE LIMITED,K-RERA/PRJ/KTM/014/2023
Kottayam,CONFIDENT CYGNUS BLOCK B,Confident Projects Residential,K-RERA/PRJ/KTM/198/2022
Kottayam,GRAND MAPLE,Malabar Developers Private Limited,K-RERA/PRJ/KTM/146/2022
Kottayam,ASSET BELFORD,ASSET HOMES PRIVATE LIMITED,K-RERA/PRJ/KTM/137/2022
Kottayam,Hoysala First,Hoysala Projects Pvt Ltd,K-RERA/PRJ/014/2022
Kottayam,ORCHID PARK,NEST Realties India Private Limited,K-RERA/PRJ/008/2022
Kottayam,DD LEGACY HEIGHTS,DESAI HOMES,K-RERA/PRJ/KTM/114/2022
Kottayam,NTP LORDS VALLEY,NTP HOMES PRIVATE LIMITED,K-RERA/PRJ/KTM/048/2022
Kottayam,INAYA GARDENS,CHANDY'S BUILDERS,K-RERA/PRJ/178/2020
Kottayam,CVC-PUTHETHU-PETRA,CHERIAN VARKEY CONSTRUCTION COMPANY PRIVATE LIMITED,K-RERA/PRJ/081/2021
Kottayam,SOWPARNIKA VALLE,Sowparnika Projects & Infrasturcture Pvt Ltd,K-RERA/PRJ/206/2021
Kottayam,Estilo Eden Luxury Apartments,Estilo Projects Private Limited,K-RERA/PRJ/195/2021
Kottayam,JEWEL WATERLILLY,JEWEL HOMES PVT LTD,K-RERA/PRJ/101/2021
Kottayam,MULBERRY HOMES - CASA BELLA,NITHIN MICHELLE BUILDERS AND DEVELOPERS P LTD,K-RERA/PRJ/KTM/076/2021
Kottayam,Pushpagiriyil Santos City,Pushpagiriyil Builders and Developers,K-RERA/PRJ/KTM/065/2021
Kottayam,ASSET CELESTE,ASSET HOMES PRIVATE LIMITED,K-RERA/PRJ/KTM/064/2021
Kottayam,CJs HARITHA CITY PLAZA,CJ's HARITHA HOMES,K-RERA/PRJ/163/2021
Kottayam,DD CITY GATE,SEA WIND REALTORS INDIA PRIVATE LIMITED,K-RERA/PRJ/122/2020
Kottayam,WELKIN VILLAS,Joseph Devasia Ponmankal,K-RERA/PRJ/269/2020
Kottayam,Olive Celestina,OLIVE BUILDERS AND DEVELOPERS PVT LTD,K-RERA/PRJ/143/2021
Kottayam,CONFIDENT BLUEBERRY,Confident Projects Residential,K-RERA/PRJ/284/2020
Kottayam,SOWPARNIKA ELANIA,Sowparnika Projects & Infrasturcture Pvt Ltd,K-RERA/PRJ/037/2021
Kottayam,SOWPARNIKA ELANIA,Sowparnika Projects & Infrasturcture Pvt Ltd,K-RERA/PRJ/037/2021
Kottayam,ASSET CHRISABELLE,ASSET HOMES PRIVATE LIMITED,K-RERA/PRJ/070/2021
Kottayam,DD MAJESTIC MOUNT,WEST WIND PROPERTIES KOCHI PRIVATE LIMITED,K-RERA/PRJ/230/2020
Kottayam,ASTEN DEW DALE APARTMENTS,ASTEN PROPERTIES AND DEVELOPER PRIVATE LIMITED,K-RERA/PRJ/292/2020
Kottayam,LIFE SPACE,KCC HOMES,K-RERA/PRJ/086/2021
Kottayam,SKYLINE PEARL,M/s Skyline Builders,K-RERA/PRJ/300/2020
Kottayam,SKYLINE HAZEL,M/s Skyline Builders,K-RERA/PRJ/034/2021
Kottayam,CONFIDENT CYGNUS,Confident Projects Residential,K-RERA/PRJ/049/2020
Kottayam,CONFIDENT CYGNUS,Confident Projects Residential,K-RERA/PRJ/049/2020
Kottayam,RIVERWIND APARTMENTS,RIVERWIND DEVELOPERS,K-RERA/PRJ/079/2021
Kozhikode,HiLITE OLYMPUS II,HiLITE Builders Pvt Ltd,K-RERA/PRJ/KKD/019/2025
Kozhikode,CYBERSPACE,PRISUNIC BUILDERS PVT LTD,K-RERA/PRJ/KKD/012/2025
Kozhikode,E One Nest,E ONE PROJECTS & DEVELOPERS PRIVATE LIMITED,K-RERA/PRJ/KKD/011/2025
Kozhikode,SKYLINE BELEZA,M/s Skyline Builders,K-RERA/PRJ/KKD/004/2025
Kozhikode,Capkon Pristine,CAPKON DEVELOPERS PRIVATE LIMITED,K-RERA/PRJ/KKD/266/2024
Kozhikode,REIGATE MONTE MIRAGE,Reigate Developers Limited Liability Partnership,K-RERA/PRJ/KKD/258/2024
Kozhikode,LANDMARK LAREINA,CALICUT LANDMARK BUILDERS PRIVATE LIMITED,K-RERA/PRJ/KKD/257/2024
Kozhikode,Capkon Zion,CAPKON DEVELOPERS PRIVATE LIMITED,K-RERA/PRJ/KKD/243/2024
Kozhikode,REIGATE LYNDALE PARK,REIGATE BUILDERS PRIVATE LIMITED,K-RERA/PRJ/KKD/242/2024
Kozhikode,FLORICAN CRESCENT,CRESCENT BUILDERS,K-RERA/PRJ/KKD/227/2024
Kozhikode,READYHUT ELEGANZA,ABDUL NAZAR UMMER PUZHACKERA,K-RERA/PRJ/KKD/211/2024
Kozhikode,REIGATE LAUREL HAVEN,REIGATE BUILDERS PRIVATE LIMITED,K-RERA/PRJ/KKD/204/2024
Kozhikode,DD GREEN CREST,DESAI HOMES,K-RERA/PRJ/KKD/149/2024
Kozhikode,CELESTE RIVIERA,GALAXY BUILDERS,K-RERA/PRJ/KKD/089/2024
Kozhikode,ECOMOUNT REDFORT,ECOMOUNT INFRA LLP,K-RERA/PRJ/KKD/070/2024
Kozhikode,COPPER VISTA,NATE BUILDERS PRIVATE LIMITED,K-RERA/PRJ/KKD/049/2024
Kozhikode,CASA BELLEZA,ETHER BUILDERS AND DEVELOPERS LLP,K-RERA/PRJ/KKD/039/2024
Kozhikode,Reigate Bluemont Park,REIGATE BUILDERS PRIVATE LIMITED,K-RERA/PRJ/KKD/033/2024
Kozhikode,SPACE ON EARTH BOTANICAL GARDEN,CRESCENT BUILDERS,K-RERA/PRJ/KKD/027/2024
Kozhikode,ECOMOUNT GREEN CITY HEIGHTS I,Ecomount Builders & Developers Private Limited,K-RERA/PRJ/KKD/014/2024
Kozhikode,ONE ALTITUDE,CCJ ONE ALTITUDE LLP,K-RERA/PRJ/KKD/013/2024
Kozhikode,ASPAN CELESTA,ASPAN CELESTA LLP,K-RERA/PRJ/KKD/009/2024
Kozhikode,TALENVISTA VILLAS PHASE 1,TALENMARK PROPERTIES LLP,K-RERA/PRJ/KKD/005/2024
Kozhikode,SKYLINE ODYSSEY,M/s Skyline Builders,K-RERA/PRJ/KKD/228/2023
Kozhikode,URBANSPACE,PRISUNIC BUILDERS PVT LTD,K-RERA/PRJ/KKD/189/2023
Kozhikode,Ecomount Green City Homes,Ecomount Builders & Developers Private Limited,K-RERA/PRJ/KKD/175/2023
Kozhikode,ASSET ZENITH,ASSET HOMES PRIVATE LIMITED,K-RERA/PRJ/KKD/133/2023
Kozhikode,GLOBAL MISTY HILLS,GLOBAL HABITAT PRIVATE LIMITED,K-RERA/PRJ/KKD/128/2023
Kozhikode,LANDMARK VILLAGE TOWER VII PHASE II,CALICUT LANDMARK BUILDERS AND DEVELOPERS INDIA PRIVATE LIMITED,K-RERA/PRJ/231/2020
Kozhikode,ROYAL PINE,Malabar Developers Private Limited,K-RERA/PRJ/KKD/120/2023
Kozhikode,HYBA BLOOM,Vasco Square Builders and Developers,K-RERA/PRJ/KKD/093/2023
Kozhikode,GREEN COUNTY,Malabar Developers Private Limited,K-RERA/PRJ/KKD/091/2023
Kozhikode,HiLITE ATHENS,HiLITE Builders Pvt Ltd,K-RERA/PRJ/KKD/083/2023
Kozhikode,C1,CAPKON DEVELOPERS PRIVATE LIMITED,K-RERA/PRJ/KKD/065/2023
Kozhikode,CONFIDENT Oakwood 2,Confident Projects Residential,K-RERA/PRJ/KKD/061/2023
Kozhikode,ASSET ELAN CASA,ASSET HOMES PRIVATE LIMITED,K-RERA/PRJ/KKD/053/2023
Kozhikode,QUEENS GARDENIA,QUEENS HABITATS PVT LTD,K-RERA/PRJ/KKD/046/2023
Kozhikode,VEEGALAND SYMPHONY,VEEGALAND DEVELOPERS PRIVATE LIMITED,K-RERA/PRJ/KKD/037/2023
Kozhikode,LANDMARK VILLAGE TOWER V,CALICUT LANDMARK BUILDERS AND DEVELOPERS INDIA PRIVATE LIMITED,K-RERA/PRJ/KKD/031/2023
Kozhikode,QUEENS PROMENADE,QUEENS HABITATS PVT LTD,K-RERA/PRJ/KKD/019/2023
Kozhikode,MONTANA ESTATES,Malabar Developers Private Limited,K-RERA/PRJ/KKD/013/2023
Kozhikode,PINNACLE ALTURA,PINNACLE PROJECTS,K-RERA/PRJ/KKD/205/2022
Kozhikode,DOWNTOWN CRESCENT,CRESCENT BUILDERS,K-RERA/PRJ/KKD/199/2022
Kozhikode,Kalyan Legacy,Kalyan Developers,K-RERA/PRJ/KKD/186/2022
Kozhikode,REIGATE FINSBURY PARK,REIGATEBUILDERSPRIVATELIMITED,K-RERA/PRJ/KKD/181/2022
Kozhikode,HiLITE PATRAS,HiLITE Builders Pvt Ltd,K-RERA/PRJ/KKD/159/2022
Kozhikode,Glenwood,Mesco Realtors LLP,K-RERA/PRJ/KKD/147/2022
Kozhikode,LANDMARK MAGNUM CENTRE,CALICUT LANDMARK BUILDERS AND DEVELOPERS INDIA PRIVATE LIMITED,K-RERA/PRJ/KKD/140/2022
Kozhikode,PRESTIGE OCEAN PEARL,PRESTIGE ESTATES PROJECTS LIMITED,K-RERA/PRJ/KKD/139/2022
Kozhikode,MELLOW SKYWATCH,MELLOW FOUNDATIONS BUILDERS AND DEVELOPERS PVT LTD,K-RERA/PRJ/152/2021
Kozhikode,HiLITE BUSINESS PARK,HiLITE BUSINESS PARK PVT LTD,K-RERA/PRJ/013/2022
Kozhikode,PROMINENCE,PRIMESPACE PROJECTS PVT LTD,K-RERA/PRJ/KKD/111/2022
Kozhikode,HiLITE OLYMPUS,HiLITE Builders Pvt Ltd,K-RERA/PRJ/KKD/110/2022
Kozhikode,ONE CITY C 2,CCJ ONE INFRA LIMITED LIABILITY PARTNERSHIP,K-RERA/PRJ/KKD/108/2022
Kozhikode,ONE CITY C 2,CCJ ONE INFRA LIMITED LIABILITY PARTNERSHIP,K-RERA/PRJ/KKD/108/2022
Kozhikode,BOUGAINVILLEA VILLAS,PRIMESPACE PROJECTS PVT LTD,K-RERA/PRJ/KKD/094/2022
Kozhikode,PROMENADE,PRIMESPACE PROJECTS PVT LTD,K-RERA/PRJ/KKD/089/2022
Kozhikode,ATMOSPHERE,GALAXY BUILDERS,K-RERA/PRJ/KKD/061/2022
Kozhikode,LANDMARK MERITUS,CALICUT LANDMARK BUILDERS AND DEVELOPERS INDIA PRIVATE LIMITED,K-RERA/PRJ/KKD/039/2022
Kozhikode,PRISUNIC PORTICO,PRISUNIC BUILDERS PVT LTD,K-RERA/PRJ/121/2021
Kozhikode,Q2 RESIDENCES,QUE DEVELOPERS LLP,K-RERA/PRJ/KKD/025/2022
Kozhikode,LANDMARK BLUEBERRY,CALICUT LANDMARK BUILDERS AND DEVELOPERS INDIA PRIVATE LIMITED,K-RERA/PRJ/KKD/081/2021
Kozhikode,Q3 LUXE VILLAS,QUE DEVELOPERS LLP,K-RERA/PRJ/KKD/079/2021
Kozhikode,PENTAGON CYBER VISTA,PENTAGON BUILDERS,K-RERA/PRJ/097/2020
Kozhikode,MYPOD 1.0,CRESCENT BUILDERS,K-RERA/PRJ/KKD/072/2021
Kozhikode,FEZCO FREEZIA APARTMENTS,FEZCO FREEZIA PRIVATE LIMITED,K-RERA/PRJ/137/2021
Kozhikode,PENTIUM TRANQUIL VERTICAL HOME,PENTIUM CONSTRUCTION PRIVATE LIMITED,K-RERA/PRJ/KKD/063/2021
Kozhikode,One Anthem,ULCCS IT Infrastructure Private Limited,K-RERA/PRJ/KKD/062/2021
Kozhikode,HiLITE FLORINA,HiLITE Builders Pvt Ltd,K-RERA/PRJ/KKD/054/2021
Kozhikode,"LANDMARK MILLENNIA CENTRE, LANDMARK LEON CENTRE, LANDMARK BUSINESS CENTRE",CALICUT LANDMARK BUILDERS AND DEVELOPERS INDIA PRIVATE LIMITED,K-RERA/PRJ/273/2020
Kozhikode,"LANDMARK MILLENNIA CENTRE, LANDMARK LEON CENTRE, LANDMARK BUSINESS CENTRE",CALICUT LANDMARK BUILDERS AND DEVELOPERS INDIA PRIVATE LIMITED,K-RERA/PRJ/273/2020
Kozhikode,"LANDMARK MILLENNIA CENTRE, LANDMARK LEON CENTRE, LANDMARK BUSINESS CENTRE",CALICUT LANDMARK BUILDERS AND DEVELOPERS INDIA PRIVATE LIMITED,K-RERA/PRJ/273/2020
Kozhikode,HiLITE CYPRESS,CALICUT APOLLO BUILDERS PRIVATE LIMITED,K-RERA/PRJ/242/2020
Kozhikode,HiLITE CYPRESS,CALICUT APOLLO BUILDERS PRIVATE LIMITED,K-RERA/PRJ/242/2020
Kozhikode,PVS EMERALD,KERALA TRANSPORT COMPANY,K-RERA/PRJ/185/2020
Kozhikode,CONFIDENT OAKWOOD,Confident Projects Residential,K-RERA/PRJ/KKD/045/2021
Kozhikode,seiken victoria,Seiken Property Developers Pvt Ltd,K-RERA/PRJ/128/2021
Kozhikode,LANDMARK MAPLE,CALICUT LANDMARK BUILDERS AND DEVELOPERS INDIA PRIVATE LIMITED,K-RERA/PRJ/027/2020
Kozhikode,LANDMARK VILLAGE TOWER VII,CALICUT LANDMARK BUILDERS AND DEVELOPERS INDIA PRIVATE LIMITED,K-RERA/PRJ/231/2020
Kozhikode,BAMBOO PARK II,Malabar Developers Private Limited,K-RERA/PRJ/046/2021
Kozhikode,LANDMARK VILLAGE TOWER III,CALICUT LANDMARK BUILDERS AND DEVELOPERS INDIA PRIVATE LIMITED,K-RERA/PRJ/221/2020
Kozhikode,Sobha Bela Encosta Phase-1,Sobha Limited,K-RERA/PRJ/140/2021
Kozhikode,ROYAL MULBERRY,Malabar Developers Private Limited,K-RERA/PRJ/355/2020
Kozhikode,CLOUDBERRY,Malabar Developers Private Limited,K-RERA/PRJ/208/2020
Kozhikode,LANDMARK VILLAGE TOWER II,CALICUT LANDMARK BUILDERS AND DEVELOPERS INDIA PRIVATE LIMITED,K-RERA/PRJ/222/2020
Kozhikode,LANDMARK VILLAGE TOWER IV,CALICUT LANDMARK BUILDERS AND DEVELOPERS INDIA PRIVATE LIMITED,K-RERA/PRJ/214/2020
Kozhikode,"LANDMARK WORLD ENTASIS, LANDMARK WORLD FRIEZE",CALICUT LANDMARK BUILDERS AND DEVELOPERS INDIA PRIVATE LIMITED,K-RERA/PRJ/106/2021
Kozhikode,LANDMARK CENTRIO,CALICUT LANDMARK BUILDERS AND DEVELOPERS INDIA PRIVATE LIMITED,K-RERA/PRJ/134/2020
Kozhikode,LANDMARK MAPLE COMMERCIAL,CALICUT LANDMARK BUILDERS AND DEVELOPERS INDIA PRIVATE LIMITED,K-RERA/PRJ/036/2020
Kozhikode,CULTURAL CENTRE,TALENMARK DEVELOPERS LLP,K-RERA/PRJ/074/2021
Kozhikode,Magnum Opus,Space Developers,K-RERA/PRJ/111/2020
Kozhikode,Q3 LUXE VILLA PROJECT,QUE DEVELOPERS LLP,K-RERA/PRJ/329/2020
Kozhikode,TC ONE SKYWALK TOWER 2,TC ONE PROPERTIES AND PROJECTS INDIA PVT LTD,K-RERA/PRJ/137/2020
Kozhikode,50 CROSS ROADS,PVS Builders & Developers,K-RERA/PRJ/119/2020
Kozhikode,NANMA SACRAMENTO PROVIDENCE,NANMA PROPERTIES LTD,K-RERA/PRJ/304/2020
Kozhikode,PENTIUM ETERNIA VERTICAL HOMES,PENTIUM CONSTRUCTION PRIVATE LIMITED,K-RERA/PRJ/259/2020
Kozhikode,ASSET ENSIGN,ASSET HOMES PRIVATE LIMITED,K-RERA/PRJ/128/2020
Kozhikode,CONFIDENT EXOTICA,Confident Projects India Pvt Ltd,K-RERA/PRJ/141/2020
Kozhikode,SOWPARNIKA JAZZMYNA,Sowparnika Projects & Infrasturcture Pvt Ltd,K-RERA/PRJ/340/2020
Kozhikode,SILVER SPRINGS,PVS Builders & Developers,K-RERA/PRJ/086/2020
Kozhikode,ASSET PKS HERITANCE,ASSET HOMES PRIVATE LIMITED,K-RERA/PRJ/012/2020
Kozhikode,TC ONE NEST,TC ONE REALTORS AND DEVELOPERS LLP,K-RERA/PRJ/027/2021
Kozhikode,Confident Greenwich,Confident Projects Residential,K-RERA/PRJ/287/2020
Kozhikode,HiLITE ATHENA,HiLITE Builders Pvt Ltd,K-RERA/PRJ/KKD/009/2021
Kozhikode,SREEROSH BHARATH,SREEROSH DEVELOPERS PVT LTD,K-RERA/PRJ/071/2020
Kozhikode,MERIDIAN VERDE,GALAXY BUILDERS,K-RERA/PRJ/156/2020
Kozhikode,ELEVE MAISON,GALAXY BUILDERS,K-RERA/PRJ/157/2020
Kozhikode,"Good Earth Barefoot On the Hills -Town Houses ,Calicut",SYMBIOSIS PROPERTIESAND INFRASTRUCTURES INDIA PRIVATE LTD,K-RERA/PRJ/236/2020
Kozhikode,GOOD EARTH BAREFOOT ON THE HILLS,SYMBIOSIS PROPERTIESAND INFRASTRUCTURES INDIA PRIVATE LTD,K-RERA/PRJ/125/2020
Kozhikode,Ghazal Rhythm,Ghazal Builders & Developers LLP,K-RERA/PRJ/310/2020
Kozhikode,REIGATE SERENITY,REIGATE BUILDERS PRIVATE LIMITED,K-RERA/PRJ/323/2020
Kozhikode,REIGATE MARINA,REIGATE BUILDERS PRIVATE LIMITED,K-RERA/PRJ/255/2020
Kozhikode,QUEENS COURTYARD,QUEENS HABITATS PVT LTD,K-RERA/PRJ/129/2020
Kozhikode,SKYLINE BLUE VISTA,M/s Skyline Builders,K-RERA/PRJ/175/2020
Kozhikode,TRITON CRESCENT,CRESCENT BUILDERS,K-RERA/PRJ/037/2020
Kozhikode,SKYLINE GRAND TERRACE,M/s Skyline Builders,K-RERA/PRJ/176/2020
Malappuram,ELKOR PLATINA,ELKOR BUILDERS LLP,K-RERA/PRJ/MPM/002/2025
Malappuram,MALABAR HILLS,OAKHILL LAND DEVELOPERS PRIVATE LIMITED,K-RERA/PRJ/MPM/262/2024
Malappuram,FORMZ PLUS MANOR,FORMZ PROJECTS PVT LTD,K-RERA/PRJ/MPM/255/2024
Malappuram,PENTIUM HARMONY HEIGHTS,PENTIUM CONSTRUCTION PRIVATE LIMITED,K-RERA/PRJ/MPM/232/2024
Malappuram,MABCO OPULENCE,MABCO DEVELOPERS LLP,K-RERA/PRJ/MPM/191/2024
Malappuram,Elkor Prime,ELKOR BUILDERS LLP,K-RERA/PRJ/MPM/023/2024
Malappuram,CONFIDENT AVENUE,Confident Projects Residential,K-RERA/PRJ/MPM/067/2023
Malappuram,Ghazal White Fort,Ghazal Builders & Developers LLP,K-RERA/PRJ/MPM/206/2022
Malappuram,SECURA CENTRE PERINTHALMANNA,Secura Developers Pvt Ltd,K-RERA/PRJ/MPM/202/2022
Malappuram,MERIDIAN HEIGHTS,M MAK BUILDERS LLP,K-RERA/PRJ/MPM/180/2022
Malappuram,MABCO CLOUDS VILLAS,MABCO DEVELOPERS LLP,K-RERA/PRJ/203/2021
Malappuram,FORMZ ERA PHASE -1,FORMZ PROJECTS PVT LTD,K-RERA/PRJ/193/2021
Malappuram,HOMESTEAD RIVERINE,Homestead Projects And Developers Private Limited,K-RERA/PRJ/218/2020
Malappuram,Homestead Ferris,Homestead Projects And Developers Private Limited,K-RERA/PRJ/217/2020
Malappuram,"PENTIUM SPRING GREEN VILLAS, PERINTHALMANNA",PENTIUM CONSTRUCTION PRIVATE LIMITED,K-RERA/PRJ/172/2021
Malappuram,CONFIDENT WILLOW,Confident Projects Residential,K-RERA/PRJ/035/2020
Malappuram,IMA DOCTORS ENCLAVE,IMA WELFARE & RESEARCH SOCIETY MANJERI,K-RERA/PRJ/254/2020
Malappuram,IMA DOCTORS ENCLAVE,IMA WELFARE & RESEARCH SOCIETY MANJERI,K-RERA/PRJ/254/2020
Palakkad,KMA PROPERTIES EMPYREAN AVENUE,KMA PROPERTIES PRIVATE LIMITED,K-RERA/PRJ/PKD/032/2025
Palakkad,GREEN LEAF,Rockshield Realtors and Developers Pvt Ltd,K-RERA/PRJ/PKD/029/2025
Palakkad,Land Links Pearl,Sethumadhavan K S,K-RERA/PRJ/PKD/008/2025
Palakkad,S A HOMES KRISHNA PREMIUM APARTMENT,S A Homes,K-RERA/PRJ/PKD/003/2025
Palakkad,SPAN HOMES DHALAM,OTTAPPALAM SPAN HOMES OPC PRIVATE LIMITED,K-RERA/PRJ/PKD/244/2024
Palakkad,OMG BLOOMING DALE,OMG PROPERTIES,K-RERA/PRJ/PKD/234/2024
Palakkad,OCEANUS GRANDEUR,OCEANUS DWELLINGS PVT LIMITED,K-RERA/PRJ/PKD/220/2024
Palakkad,Evening Paradise,D Sethumadhavan D Raghavanezhuthassan,K-RERA/PRJ/PKD/214/2024
Palakkad,UNITY GARDENS,Vijayan K,K-RERA/PRJ/PKD/213/2024
Palakkad,The Roman Empire,Raja RajanS,K-RERA/PRJ/PKD/205/2024
Palakkad,Neamath Sterling,Neamath Realty Private Ltd,K-RERA/PRJ/PKD/130/2024
Palakkad,BUILTECH AURA,KRISHNAN RAJAN,K-RERA/PRJ/PKD/127/2024
Palakkad,Bright Villaggio,Febina K V,K-RERA/PRJ/PKD/113/2024
Palakkad,ASHVAMERU,SHERNA PROPERTIES,K-RERA/PRJ/PKD/112/2024
Palakkad,PGM Rivera,PGM Developers,K-RERA/PRJ/PKD/071/2024
Palakkad,Sayoojyam,Sudheer Kalathil Sukumaran,K-RERA/PRJ/PKD/043/2024
Palakkad,ANANTA LIVING - DHARANI,BUILTECH HOUSING LLP,K-RERA/PRJ/PKD/032/2024
Palakkad,OMG THE PLATINUM VILLAS,OMG PROPERTIES PRIVATE LIMITED,K-RERA/PRJ/PKD/030/2024
Palakkad,Hanco Krishna Leela Residency,Hanco Property Developers Pvt Ltd,K-RERA/PRJ/PKD/025/2024
Palakkad,V3 SPARROWS NEST,Vthree Homes And Infrastructure India Private Limited,K-RERA/PRJ/PKD/214/2023
Palakkad,VICTORIA REALTORS UDAYAM,DHARMIC LIVING PVT LTD,K-RERA/PRJ/PKD/200/2023
Palakkad,VICTORIA REALTORS MADHAVAM,DHARMIC LIVING PVT LTD,K-RERA/PRJ/PKD/199/2023
Palakkad,Elora,Santhoosh J,K-RERA/PRJ/PKD/187/2023
Palakkad,VICTORIA REALTORS SAROVARAM,DHARMIC LIVING PVT LTD,K-RERA/PRJ/PKD/186/2023
Palakkad,Neamath Pearl,Neamath Realty Private Ltd,K-RERA/PRJ/PKD/177/2023
Palakkad,GRANARY NEST,Rockshield Realtors and Developers Pvt Ltd,K-RERA/PRJ/PKD/169/2023
Palakkad,VICTORIA REALTORS SHISHIRAM,DHARMIC LIVING PVT LTD,K-RERA/PRJ/PKD/155/2023
Palakkad,OMG OLIVIA VILLAS,OMG PROPERTIES PRIVATE LIMITED,K-RERA/PRJ/PKD/132/2023
Palakkad,VICTORIA REALTORS SOUPARNIKA,DHARMIC LIVING PVT LTD,K-RERA/PRJ/PKD/125/2023
Palakkad,CASA CENTRAL,M/S SALPA & EXPERTS INFRA SOLUTIONS LLP,K-RERA/PRJ/PKD/088/2023
Palakkad,STHIRA AAVAS,STHIRA DEVELOPERS,K-RERA/PRJ/PKD/081/2023
Palakkad,V3 ECO VILLAGE 2,Vthree Homes And Infrastructure India Private Limited,K-RERA/PRJ/PKD/075/2023
Palakkad,SA CHARIOT,S A Homes,K-RERA/PRJ/PKD/071/2023
Palakkad,VICTORIA REALTORS NAYANAM,DHARMIC LIVING PVT LTD,K-RERA/PRJ/PKD/064/2023
Palakkad,VICTORIA REALTORS NIVEDYAM SECOND PHASE,DHARMIC LIVING PVT LTD,K-RERA/PRJ/PKD/063/2023
Palakkad,VICTORIA REALTORS SWASTHIKA SECOND PHASE,DHARMIC LIVING PVT LTD,K-RERA/PRJ/PKD/060/2023
Palakkad,Neamath Brookfield,Neamath Realty Private Ltd,K-RERA/PRJ/PKD/052/2023
Palakkad,OMG GRANDEUR VILLAS,OMG PROPERTIES PRIVATE LIMITED,K-RERA/PRJ/PKD/038/2023
Palakkad,SUKRUTHA LIVING,PARADISE SENIOR LIVING,K-RERA/PRJ/PKD/027/2023
Palakkad,V3 VIVAREA,Vthree Homes And Infrastructure India Private Limited,K-RERA/PRJ/PKD/016/2023
Palakkad,OMG SILVERCREST VILLAS,OMG PROPERTIES PRIVATE LIMITED,K-RERA/PRJ/PKD/012/2023
Palakkad,VICTORIA REALTORS SANGEETHAM,DHARMIC LIVING PVT LTD,K-RERA/PRJ/PKD/006/2023
Palakkad,DIVINE HOMES,DIVINITY DESIGNS & CONSTRUCT,K-RERA/PRJ/PKD/002/2023
Palakkad,SAHASRA,STHIRA DEVELOPERS,K-RERA/PRJ/PKD/204/2022
Palakkad,VICTORIA REALTORS SAMRRUDDHI,DHARMIC LIVING PVT LTD,K-RERA/PRJ/PKD/176/2022
Palakkad,VICTORIA REALTORS NAADAM,DHARMIC LIVING PVT LTD,K-RERA/PRJ/PKD/175/2022
Palakkad,VICTORIA REALTORS SHOBANAM,VICTORIA REALTORS,K-RERA/PRJ/PKD/165/2022
Palakkad,V3 PRAKRITI,Vthree Homes And Infrastructure India Private Limited,K-RERA/PRJ/PKD/164/2022
Palakkad,VICTORIA REALTORS NIVEDYAM,DHARMIC LIVING PVT LTD,K-RERA/PRJ/PKD/162/2022
Palakkad,VICTORIA REALTORS SPANDHANAM II,DHARMIC LIVING PVT LTD,K-RERA/PRJ/PKD/141/2022
Palakkad,VICTORIA REALTORS SWASTHIKA,DHARMIC LIVING PVT LTD,K-RERA/PRJ/PKD/127/2022
Palakkad,VICTORIA REALTORS SPANDHANAM,DHARMIC LIVING PVT LTD,K-RERA/PRJ/PKD/122/2022
Palakkad,SYMPHONY TRINITY,HARIDAS BUILDERS,K-RERA/PRJ/062/2021
Palakkad,Neamath Acacia,Neamath Realty Private Ltd,K-RERA/PRJ/PKD/102/2022
Palakkad,VINTAGE HEIGHTS BUILDERS AND DEVELOPERS,VINTAGE HEIGHTS BUILDERS AND DEVELOPERS,K-RERA/PRJ/132/2021
Palakkad,Shivam Apartments,S A Homes,K-RERA/PRJ/PKD/026/2022
Palakkad,DASARADHA PETALS,PUTHANVEEDU RAJESH,K-RERA/PRJ/PKD/019/2022
Palakkad,Hanco Fort Heights,Hanco Property Developers Pvt Ltd,K-RERA/PRJ/PKD/009/2022
Palakkad,SUPER GOOD NEST,SUPER GOOD HOMES,K-RERA/PRJ/069/2021
Palakkad,V3 FELIZ CASA,Vthree Homes And Infrastructure India Private Limited,K-RERA/PRJ/PKD/052/2021
Palakkad,Jayaraj Srishti,Jayaraj Properties,K-RERA/PRJ/PKD/039/2021
Palakkad,DAHLIA VILLAS,OMG PROPERTIES PRIVATE LIMITED,K-RERA/PRJ/PKD/037/2021
Palakkad,SUPER GOOD HOMES JEEVA APARTMENTS,SUPER GOOD HOMES,K-RERA/PRJ/057/2021
Palakkad,S.A. Square,S A Homes,K-RERA/PRJ/051/2020
Palakkad,BUILTECH SUMMIT,BUILTECH SUMMIT,K-RERA/PRJ/068/2020
Palakkad,ANANTA LIVING - PRITHVI,BUILTECH VENTURE LLP,K-RERA/PRJ/067/2020
Palakkad,VICTORIA REALTORS CHAITHRAM THIRD PHASE,DHARMIC LIVING PVT LTD,K-RERA/PRJ/105/2021
Palakkad,Jayaraj Anugraha,Jayaraj Properties,K-RERA/PRJ/089/2020
Palakkad,VICTORIA REALTORS UPASANA,DHARMIC LIVING PVT LTD,K-RERA/PRJ/PKD/028/2021
Palakkad,Jayaraj Thejus,Jayaraj Properties,K-RERA/PRJ/004/2021
Palakkad,VICTORIA REALTORS USHAS,DHARMIC LIVING PVT LTD,K-RERA/PRJ/035/2021
Palakkad,VICTORIA REALTORS CHAITHRAM,DHARMIC LIVING PVT LTD,K-RERA/PRJ/044/2020
Palakkad,HANCO SIVAM,Hanco Property Developers Pvt Ltd,K-RERA/PRJ/318/2020
Palakkad,Jayaraj Divya,Jayaraj Properties,K-RERA/PRJ/078/2020
Palakkad,OMG LIFESTYLES S PHASE,OMG PROPERTIES,K-RERA/PRJ/183/2020
Palakkad,VATIKA VILLAS,OMG PROPERTIES,K-RERA/PRJ/303/2020
Palakkad,HANCO THE GREEN VILLAGE,Hanco Property Developers Pvt Ltd,K-RERA/PRJ/301/2020
Palakkad,VIOLET HOMES,OMG PROPERTIES PRIVATE LIMITED,K-RERA/PRJ/116/2021
Palakkad,OMG MAGNUS,OMG PROPERTIES PRIVATE LIMITED,K-RERA/PRJ/282/2020
Palakkad,OMG VIVANTE VILLAS,OMG PROPERTIES PRIVATE LIMITED,K-RERA/PRJ/184/2020
Palakkad,OMG VIVANTE VILLAS PHASE -2,OMG PROPERTIES PRIVATE LIMITED,K-RERA/PRJ/100/2021
Palakkad,SAMRUDHI HOMES,OMG PROPERTIES PRIVATE LIMITED,K-RERA/PRJ/107/2021
Palakkad,OMG SIGNATURE,OMG PROPERTIES PRIVATE LIMITED,K-RERA/PRJ/233/2020
Palakkad,OMG LIFESTYLES K PHASE,OMG PROPERTIES,K-RERA/PRJ/216/2020
Palakkad,OMG LIFESTYLES PHASE 3,OMG PROPERTIES,K-RERA/PRJ/056/2021
Palakkad,VICTORIA REALTORS ASHIRVAAD,DHARMIC LIVING PVT LTD,K-RERA/PRJ/088/2021
Palakkad,"LADDER THARAVAD, OTTAPPALAM",Kerala Land Reforms And Development Co operative Society Ltd No 4482,K-RERA/PRJ/165/2020
Palakkad,VICTORIA REALTORS AMRUTHAM,DHARMIC LIVING PVT LTD,K-RERA/PRJ/077/2020
Palakkad,V3 AVONLEA,Vthree Homes And Infrastructure India Private Limited,K-RERA/PRJ/006/2021
Palakkad,VICTORIA REALTORS PRATHANA,DHARMIC LIVING PVT LTD,K-RERA/PRJ/073/2020
Palakkad,OMG THE ADDRESS,OMG PROPERTIES,K-RERA/PRJ/350/2020
Pathanamthitta,Pushpagiriyil Palm Olivia,Pushpagiriyil Builders and Developers,K-RERA/PRJ/PTA/169/2024
Pathanamthitta,SERENE RIVERVIEW,ABRAHAM JOSEPH,K-RERA/PRJ/PTA/007/2024
Pathanamthitta,Blessed Arcade,Beno Varughese,K-RERA/PRJ/PTA/165/2023
Pathanamthitta,ALPINE HEIGHTS,Alpine Homes,K-RERA/PRJ/PTA/040/2023
Pathanamthitta,ELIXIR GARDENS,Elixir Properties,K-RERA/PRJ/PTA/187/2022
Pathanamthitta,Olive Karenina,OLIVE BUILDERS,K-RERA/PRJ/352/2020
Pathanamthitta,ELIXIR GRANDE,ELIXIR CORPORATES,K-RERA/PRJ/191/2021
Pathanamthitta,ELIXIR GRANDE,ELIXIR CORPORATES,K-RERA/PRJ/191/2021
Pathanamthitta,ELIXIR GRANDE,ELIXIR CORPORATES,K-RERA/PRJ/191/2021
Pathanamthitta,PTC WESTERN GHATS,PTC BUILDERS,K-RERA/PRJ/011/2021
Pathanamthitta,ABAD INFRA PINNACLE,ABAD BUILDERS PVT LTD,K-RERA/PRJ/166/2021
Pathanamthitta,NOEL TUNES,NOEL VILLAS AND APARTMENTS,K-RERA/PRJ/096/2020
Pathanamthitta,ASSET GATEWAY,ASSET HOMES PRIVATE LIMITED,K-RERA/PRJ/194/2020
Pathanamthitta,ARTECH KAAZHCHA,ARTECH REALTORS PRIVATE LIMITED,K-RERA/PRJ/056/2020
Pathanamthitta,ARTECH KAAZHCHA,ARTECH REALTORS PRIVATE LIMITED,K-RERA/PRJ/056/2020
Pathanamthitta,DD TOWER ONE,Desai Rachana Private Limited,K-RERA/PRJ/191/2020
Pathanamthitta,SKYLINE WINDMILL,M/s Skyline Builders,K-RERA/PRJ/170/2020
Thiruvananthapuram,ASSET PRAGATHI,ASSET HOMES PRIVATE LIMITED,K-RERA/PRJ/TVM/035/2025
Thiruvananthapuram,CLOUD HAVEN,DR PP Vijayan,K-RERA/PRJ/TVM/028/2025
Thiruvananthapuram,Paithrika Navami,Paithrika Homes And Estates Pvt Ltd,K-RERA/PRJ/TVM/014/2025
Thiruvananthapuram,MANNALIL HILLS,MANALIL REALTORS,K-RERA/PRJ/TVM/013/2025
Thiruvananthapuram,VARSHA HEIGHTS,K VIJAYAKUMAR,K-RERA/PRJ/TVM/007/2025
Thiruvananthapuram,CONFIDENT ASTORIA,Confident Projects Residential,K-RERA/PRJ/TVM/005/2025
Thiruvananthapuram,VARMA TRIDENT,VARMA HOMES PRIVATE LIMITED,K-RERA/PRJ/TVM/001/2025
Thiruvananthapuram,AMBIENT LUXURY VILLAS,WHB Constructions LLP,K-RERA/PRJ/TVM/265/2024
Thiruvananthapuram,MYS REGENT,MYS CONSTRUCTIONS,K-RERA/PRJ/TVM/264/2024
Thiruvananthapuram,ASSET VISMAYAM,Bharath Lajhna Multi State Housing Cooperative Society Limited,K-RERA/PRJ/TVM/252/2024
Thiruvananthapuram,Sangamam Valley,Antony Varghese,K-RERA/PRJ/TVM/251/2024
Thiruvananthapuram,Adonai Elegant,Adonai Realtors Company,K-RERA/PRJ/TVM/250/2024
Thiruvananthapuram,TRAVANCORE GARDENS,Levita Developers LLP,K-RERA/PRJ/TVM/246/2024
Thiruvananthapuram,SUN FELICIA,SUN PROJECTS INDIA PRIVATE LIMITED,K-RERA/PRJ/TVM/241/2024
Thiruvananthapuram,Aishwarya Vista,ASTRIDE BUILDERS,K-RERA/PRJ/TVM/236/2024
Thiruvananthapuram,Oceanus Ample Grace,Oceanus Dwellings Pvt Ltd,K-RERA/PRJ/TVM/235/2024
Thiruvananthapuram,JJ VISTARA,JJ Builders & Developers,K-RERA/PRJ/TVM/230/2024
Thiruvananthapuram,SKYLINE URBAN OASIS,M/s Skyline Builders,K-RERA/PRJ/TVM/229/2024
Thiruvananthapuram,ATARASHII SERENITY,Powerlink Builders Pvt Ltd,K-RERA/PRJ/TVM/224/2024
Thiruvananthapuram,SUN ELLORA,SUN PROJECTS INDIA PRIVATE LIMITED,K-RERA/PRJ/TVM/223/2024
Thiruvananthapuram,THE ARTLE,BUILDOWN DEVELOPERS PRIVATE LIMITED,K-RERA/PRJ/TVM/222/2024
Thiruvananthapuram,i PARK,ABDUL JABBAR,K-RERA/PRJ/TVM/217/2024
Thiruvananthapuram,CORDON ELEGANCE,CORDON CONSTRUCTORS & REALTORS Pvt Ltd,K-RERA/PRJ/TVM/216/2024
Thiruvananthapuram,CORDIAL LEORA,Cordial Properties India Pvt Ltd,K-RERA/PRJ/TVM/215/2024
Thiruvananthapuram,ARCON CYBER HEIGHTS,ARCON HOME BUILDERS PRIVATE LIMITED,K-RERA/PRJ/TVM/210/2024
Thiruvananthapuram,SANTHOSH CONSTRUCTIONS AND LORRY SERVISES,K K PILLAI,K-RERA/PRJ/TVM/208/2024
Thiruvananthapuram,CORDIAL LAYAM II,CORDIAL HOMES PVT LTD,K-RERA/PRJ/TVM/207/2024
Thiruvananthapuram,Golden Castle Phase 2,Arjun S,K-RERA/PRJ/TVM/206/2024
Thiruvananthapuram,GREECE GARDENS BY SREE DHANYA,SREEDHANYA DEVELOPERS AND INFRASTRUCTURES PRIVATE LIMITED,K-RERA/PRJ/TVM/202/2024
Thiruvananthapuram,Sowparnika Signature Tower,Sowparnika Projects & Infrasturcture Pvt Ltd,K-RERA/PRJ/TVM/200/2024
Thiruvananthapuram,ORCHID GARDEN,PIXEL HOMES,K-RERA/PRJ/TVM/172/2024
Thiruvananthapuram,Silent Valley,Aji Kumar S,K-RERA/PRJ/TVM/167/2024
Thiruvananthapuram,Lekshya Plots,Philomina Thomas,K-RERA/PRJ/TVM/165/2024
Thiruvananthapuram,BEACON OASIS,Beacon Projects Pvt Ltd,K-RERA/PRJ/TVM/157/2024
Thiruvananthapuram,SCARLET AVENUE,SCARLET CIRCLE HOLIDAYS PVT LTD,K-RERA/PRJ/TVM/154/2024
Thiruvananthapuram,Mammen,C M MAMMEN,K-RERA/PRJ/TVM/150/2024
Thiruvananthapuram,CORDIAL NALINAM,CORDIAL HOMES PVT LTD,K-RERA/PRJ/TVM/142/2024
Thiruvananthapuram,PRAJAPATHYS GREENS VILLAGE,SARIKA A G,K-RERA/PRJ/TVM/141/2024
Thiruvananthapuram,MYS TECHNO HEIGHTS,MYS CONSTRUCTIONS,K-RERA/PRJ/TVM/138/2024
Thiruvananthapuram,ORCHID CINNAMON,PIXEL HOMES,K-RERA/PRJ/TVM/126/2024
Thiruvananthapuram,LEVITA JASPER ENCLAVE,Levita Developers LLP,K-RERA/PRJ/TVM/122/2024
Thiruvananthapuram,SONG OF THE SEA,ICLOUD HOMES PRIVATE LIMITED,K-RERA/PRJ/TVM/120/2024
Thiruvananthapuram,Oceanus Golden Peak,Oceanus Dwellings Pvt Ltd,K-RERA/PRJ/TVM/117/2024
Thiruvananthapuram,PLOTS,M K DAMODARAN NAIR,K-RERA/PRJ/TVM/116/2024
Thiruvananthapuram,PREMIUM LAND DEVELOPERS,PRADEEP KUMAR CHANDRASEKARANNAIR PRASANNAKUMARI,K-RERA/PRJ/TVM/115/2024
Thiruvananthapuram,Sanroyal Clair City,SANROYAL BUILDERS AND CONTRACTORS PVT LTD,K-RERA/PRJ/TVM/111/2024
Thiruvananthapuram,ASSET THE LEAF,ASSET HOMES PRIVATE LIMITED,K-RERA/PRJ/TVM/100/2024
Thiruvananthapuram,HEATHER WEST FORT,HEATHER REALTORS LLP,K-RERA/PRJ/TVM/098/2024
Thiruvananthapuram,CORDIAL VAJRAM,CORDIAL DEVELOPERS PVT LTD,K-RERA/PRJ/TVM/096/2024
Thiruvananthapuram,DD ARENA,Desai Rachana Private Limited,K-RERA/PRJ/TVM/094/2024
Thiruvananthapuram,JJ PALACIA,JJ Builders & Developers,K-RERA/PRJ/TVM/093/2024
Thiruvananthapuram,Golden Castle Phase 1,Santhosh Kumar J R,K-RERA/PRJ/TVM/092/2024
Thiruvananthapuram,DHAN TRIPADHA,VINU T S DHAN L FOUR LANDS,K-RERA/PRJ/TVM/090/2024
Thiruvananthapuram,SHANOOR TULIPS,SHANOOR PROJECTS AND REALTORS PVT LTD,K-RERA/PRJ/TVM/088/2024
Thiruvananthapuram,Crown,Chothy's Building Promoters Pvt Ltd,K-RERA/PRJ/TVM/085/2024
Thiruvananthapuram,ARCON MAY DEW,ARCON HOME DEVELOPERS PVT LTD,K-RERA/PRJ/TVM/084/2024
Thiruvananthapuram,CORDIAL PUNYAM,CORDIAL HOMES PVT LTD,K-RERA/PRJ/TVM/083/2024
Thiruvananthapuram,EDEN GARDENS,CASA VISTA CONSTRUCTIONS PVT LTD,K-RERA/PRJ/TVM/078/2024
Thiruvananthapuram,THE ADDRESS TEMPLE BELL,The Address Builders Pvt Ltd,K-RERA/PRJ/TVM/076/2024
Thiruvananthapuram,URBANSCAPE MIDTOWN,Urbanscape Properties LLP,K-RERA/PRJ/TVM/073/2024
Thiruvananthapuram,THE PARK VIEW BY FAVOURITE HOMES,FAVOURITE CONSTRUCTIONS PRIVATE LIMITED,K-RERA/PRJ/TVM/069/2024
Thiruvananthapuram,SHANOOR RAINBOW CITY PHASE III,SHANOOR PROJECTS AND REALTORS PVT LTD,K-RERA/PRJ/TVM/059/2024
Thiruvananthapuram,CONFIDENT AMAZE,Confident Projects Residential,K-RERA/PRJ/TVM/056/2024
Thiruvananthapuram,Adithya Paradise,Rajesh Kumar Krishnan,K-RERA/PRJ/TVM/052/2024
Thiruvananthapuram,INDEL KARIYATH HEIGHTS,INDEL INFRA PROJECTS,K-RERA/PRJ/TVM/048/2024
Thiruvananthapuram,CONDOR DAHLIA,CONDOR BUILDERS PVT LTD,K-RERA/PRJ/TVM/047/2024
Thiruvananthapuram,THE HEAVEN HILLS,PNR HOMES PRIVATE LIMITED,K-RERA/PRJ/TVM/045/2024
Thiruvananthapuram,PRS WINDY WOODS,PRS BUILD INDIA PRIVATE LIMITED,K-RERA/PRJ/TVM/044/2024
Thiruvananthapuram,HEATHER STEPS,Heather Homes Private Limited,K-RERA/PRJ/TVM/041/2024
Thiruvananthapuram,THE SILICON DRIVE BY FAVOURITE HOMES,FAVOURITE CONSTRUCTIONS PRIVATE LIMITED,K-RERA/PRJ/TVM/038/2024
Thiruvananthapuram,DEODATE MERCEDES,DEODATE ENVIRONMENTAL HOMES PVT LTD,K-RERA/PRJ/TVM/036/2024
Thiruvananthapuram,Mansions Satvika,MANSIONS,K-RERA/PRJ/TVM/029/2024
Thiruvananthapuram,SHANOOR EMBASSY SQUARE,SHANOOR PROJECTS AND REALTORS PVT LTD,K-RERA/PRJ/TVM/021/2024
Thiruvananthapuram,CORDON CRYSTAL PARK,CORDON CONSTRUCTORS & REALTORS Pvt Ltd,K-RERA/PRJ/TVM/018/2024
Thiruvananthapuram,SFS CASABELLA,SKYLINE FOUNDATIONS AND STRUCTURES PRIVATE LIMITED,K-RERA/PRJ/TVM/017/2024
Thiruvananthapuram,SOBHA RIDGE WHISPERING HILL,SOBHA LIMITED,K-RERA/PRJ/TVM/012/2024
Thiruvananthapuram,Amoda,Promag Realtors & Developers Pvt Ltd,K-RERA/PRJ/TVM/010/2024
Thiruvananthapuram,RAY GRAND,ANIL KUMAR N,K-RERA/PRJ/TVM/006/2024
Thiruvananthapuram,BEACON NEST,Beacon Projects Pvt Ltd,K-RERA/PRJ/TVM/004/2024
Thiruvananthapuram,BLUE DIAMOND,JS HOMES,K-RERA/PRJ/TVM/003/2024
Thiruvananthapuram,SANROYAL HESTIA,SANROYAL BUILDERS AND CONTRACTORS PVT LTD,K-RERA/PRJ/TVM/002/2024
Thiruvananthapuram,LIKE A POETRY,iSPOTZ DEVELOPERS LLP,K-RERA/PRJ/TVM/239/2023
Thiruvananthapuram,SUN CORNER STONE PHASE 2,SUN PROJECTS INDIA PRIVATE LIMITED,K-RERA/PRJ/TVM/233/2023
Thiruvananthapuram,ARCON PLATINUM HEIGHTS,ARCON HOME BUILDERS PRIVATE LIMITED,K-RERA/PRJ/TVM/226/2023
Thiruvananthapuram,WINSOME GARDENS,CASA VISTA CONSTRUCTIONS PVT LTD,K-RERA/PRJ/TVM/225/2023
Thiruvananthapuram,URBANSCAPE DIVINITY VILLAS,Urbanscape Properties LLP,K-RERA/PRJ/TVM/223/2023
Thiruvananthapuram,WHERE DREAMS BEGIN,ICLOUD HOMES PRIVATE LIMITED,K-RERA/PRJ/TVM/206/2023
Thiruvananthapuram,SHANOOR SKYVILLA,SHANOOR PROJECTS AND REALTORS PVT LTD,K-RERA/PRJ/TVM/198/2023
Thiruvananthapuram,SULTANS OF SWING,ICLOUD HOMES PRIVATE LIMITED,K-RERA/PRJ/TVM/197/2023
Thiruvananthapuram,MUTHOOT CAPITAL VIEW,MUTHOOT HOUSING AND INFRASTRUCTURE,K-RERA/PRJ/TVM/185/2023
Thiruvananthapuram,SFS SKY GARDEN,SKYLINE FOUNDATIONS AND STRUCTURES PRIVATE LIMITED,K-RERA/PRJ/TVM/184/2023
Thiruvananthapuram,SHANOOR RAINBOW CITY PHASE II,SHANOOR PROJECTS AND REALTORS PVT LTD,K-RERA/PRJ/TVM/183/2023
Thiruvananthapuram,THE GRAND ROSSO,PNR HOMES PRIVATE LIMITED,K-RERA/PRJ/TVM/179/2023
Thiruvananthapuram,ELITE SAMRUDDHI PHASE II,ELITE GARDENIA LLP,K-RERA/PRJ/TVM/176/2023
Thiruvananthapuram,IMPACT MILESTONE TOWER B,ROBINSON PROPERTIES INTERNATIONAL PVT LTD,K-RERA/PRJ/TVM/173/2023
Thiruvananthapuram,SUN SPRING HILL VILLA,SUN PROJECTS INDIA PRIVATE LIMITED,K-RERA/PRJ/TVM/172/2023
Thiruvananthapuram,THE CYBER BAY BY FAVOURITE HOMES,FAVOURITE CONSTRUCTIONS PRIVATE LIMITED,K-RERA/PRJ/TVM/171/2023
Thiruvananthapuram,EVER BY FAVOURITE HOMES,FAVOURITE CONSTRUCTIONS PRIVATE LIMITED,K-RERA/PRJ/TVM/164/2023
Thiruvananthapuram,ILLAM BY FAVOURITE HOMES,FAVOURITE CONSTRUCTIONS PRIVATE LIMITED,K-RERA/PRJ/TVM/163/2023
Thiruvananthapuram,Skyview,Akib Abdul Aziz Abdul Aziz,K-RERA/PRJ/TVM/162/2023
Thiruvananthapuram,Aspire Mansions,ASPIRE MANSIONS OPC PRIVATE LIMITED,K-RERA/PRJ/TVM/160/2023
Thiruvananthapuram,PRIMROSE,CUBICSPACES,K-RERA/PRJ/TVM/157/2023
Thiruvananthapuram,DD GALLERIA,DESAI HOMES,K-RERA/PRJ/TVM/154/2023
Thiruvananthapuram,White Maanor,Chothy's Building Promoters Pvt Ltd,K-RERA/PRJ/TVM/153/2023
Thiruvananthapuram,CORDIAL ACHUTHAM,CORDIAL HOMES PVT LTD,K-RERA/PRJ/TVM/152/2023
Thiruvananthapuram,SURAKSHA THE BANK RETIREES COMMUNITY LIVING,SURAKSHA THE BANK RETIREES COMMUNITY LIVING,K-RERA/PRJ/TVM/144/2023
Thiruvananthapuram,MORE THAN WORDS,iSPOTZ DEVELOPERS LLP,K-RERA/PRJ/TVM/136/2023
Thiruvananthapuram,VEEGALAND GREEN CAPITOL,VEEGALAND DEVELOPERS PRIVATE LIMITED,K-RERA/PRJ/TVM/130/2023
Thiruvananthapuram,Sustainable Village,Green Collective Projects Pvt Ltd,K-RERA/PRJ/TVM/127/2023
Thiruvananthapuram,ARTECH LATTITUDE,ARTECH REALTORS PRIVATE LIMITED,K-RERA/PRJ/TVM/123/2023
Thiruvananthapuram,ARC BY SREEDHNAYA,Sree Dhanya Homes Pvt ltd,K-RERA/PRJ/TVM/122/2023
Thiruvananthapuram,HEATHER FELICITY,Heather Homes Private Limited,K-RERA/PRJ/TVM/121/2023
Thiruvananthapuram,SHANOOR RAINBOW HEIGHTS,SHANOOR PROJECTS AND REALTORS PVT LTD,K-RERA/PRJ/TVM/117/2023
Thiruvananthapuram,OCEAN PEARL,J S HOMES,K-RERA/PRJ/TVM/111/2023
Thiruvananthapuram,VISWAM GREEN FIELD,AARJAY DWELLINGS,K-RERA/PRJ/TVM/109/2023
Thiruvananthapuram,ARCON SERENE,ARCON HOME BUILDERS PRIVATE LIMITED,K-RERA/PRJ/TVM/105/2023
Thiruvananthapuram,CONFIDENT FAIRFIELD,Confident Projects Residential,K-RERA/PRJ/TVM/104/2023
Thiruvananthapuram,SHANOOR RAINBOW CITY,SHANOOR PROJECTS AND REALTORS PVT LTD,K-RERA/PRJ/TVM/102/2023
Thiruvananthapuram,ANTA - ONE KOWDIAR,ANTA BUILDERS & DEVELOPERS PVT LTD,K-RERA/PRJ/TVM/099/2023
Thiruvananthapuram,ARTECH SREYA,ARTECH REALTORS PRIVATE LIMITED,K-RERA/PRJ/TVM/094/2023
Thiruvananthapuram,CHEVRON EASTWIND,Chevron Builders and Realtors Private Limited,K-RERA/PRJ/TVM/092/2023
Thiruvananthapuram,CORDIAL DEV,CORDIAL HOMES PVT LTD,K-RERA/PRJ/TVM/086/2023
Thiruvananthapuram,ARTECH MARVEL,ARTECH REALTORS PRIVATE LIMITED,K-RERA/PRJ/TVM/069/2023
Thiruvananthapuram,ASSET TAURUS IDENTITY,ASSET HOMES PRIVATE LIMITED,K-RERA/PRJ/TVM/057/2023
Thiruvananthapuram,Raja Park's CASA NUEVA,CASA NUEVA VILLAS LLP,K-RERA/PRJ/TVM/056/2023
Thiruvananthapuram,CORDIAL DEEPAM,CORDIAL HOMES PVT LTD,K-RERA/PRJ/TVM/050/2023
Thiruvananthapuram,Dwarakamayi,SUNIL P CHANDRAN,K-RERA/PRJ/TVM/048/2023
Thiruvananthapuram,EVERGREENS,Chothy's Building Promoters Pvt Ltd,K-RERA/PRJ/TVM/045/2023
Thiruvananthapuram,Royal View,Biju K Skaria,K-RERA/PRJ/TVM/042/2023
Thiruvananthapuram,Aroma High Bloom,AROMA INTERNATIONAL BUILDING CONTRACTING INDIA PVT LTD,K-RERA/PRJ/TVM/035/2023
Thiruvananthapuram,Kalyan Horizon,Kalyan Developers,K-RERA/PRJ/TVM/033/2023
Thiruvananthapuram,USHAKIRAN,GANGOTHRI BUILDERS AND DEVELOPERS,K-RERA/PRJ/TVM/026/2023
Thiruvananthapuram,VICTORIA REALTORS PRANAVAM,DHARMIC LIVING PVT LTD,K-RERA/PRJ/TVM/017/2023
Thiruvananthapuram,CONFIDENT PIONEER,Confident Projects Residential,K-RERA/PRJ/TVM/015/2023
Thiruvananthapuram,Prakriti,Promag Realtors & Developers Pvt Ltd,K-RERA/PRJ/TVM/010/2023
Thiruvananthapuram,PARKA LUXNOVA,PARKA HOMES PRIVATE LIMITED,K-RERA/PRJ/TVM/008/2023
Thiruvananthapuram,ARCON ANANT,ARCON HOME DEVELOPERS PVT LTD,K-RERA/PRJ/TVM/005/2023
Thiruvananthapuram,THE LAURELS BY FAVOURITE HOMES,FAVOURITE CONSTRUCTIONS PRIVATE LIMITED,K-RERA/PRJ/TVM/004/2023
Thiruvananthapuram,GALAXY POWDIKONAM,MIDHUN MARKOSE BUILDERS AND DEVELOPERS INDIA PVT LTD,K-RERA/PRJ/TVM/213/2022
Thiruvananthapuram,Skyland,Praveen Kumar P,K-RERA/PRJ/TVM/209/2022
Thiruvananthapuram,NAKSHATRA PRAVASI,MIDHUN MARKOSE BUILDERS AND DEVELOPERS INDIA PVT LTD,K-RERA/PRJ/TVM/207/2022
Thiruvananthapuram,SERENE PARK VILLA,GOPAKUMAR BALAKRISHNAN NAIR,K-RERA/PRJ/TVM/196/2022
Thiruvananthapuram,The Square,Chothy's Building Promoters Pvt Ltd,K-RERA/PRJ/TVM/195/2022
Thiruvananthapuram,Urbanscape Solitaire,Urbanscape Properties LLP,K-RERA/PRJ/TVM/192/2022
Thiruvananthapuram,SFS RHYTHM,SKYLINE FOUNDATIONS AND STRUCTURES PRIVATE LIMITED,K-RERA/PRJ/TVM/191/2022
Thiruvananthapuram,GIE Grand Asteria,Great India Estates Private Limited,K-RERA/PRJ/208/2021
Thiruvananthapuram,Aero Homes,Kerala HealthCare P Ltd,K-RERA/PRJ/TVM/173/2022
Thiruvananthapuram,Vattapara Green woods,JOSH KURIAKOSE,K-RERA/PRJ/TVM/168/2022
Thiruvananthapuram,THE SPRING DALE BY FAVOURITE HOMES,FAVOURITE CONSTRUCTIONS PRIVATE LIMITED,K-RERA/PRJ/TVM/166/2022
Thiruvananthapuram,ARCON ELITE,ARCON HOME BUILDERS PRIVATE LIMITED,K-RERA/PRJ/TVM/161/2022
Thiruvananthapuram,CHEVRON BROOKVILLE,Chevron Builders and Realtors Private Limited,K-RERA/PRJ/TVM/158/2022
Thiruvananthapuram,SHANOOR CYBER CLOUD,SHANOOR PROJECTS AND REALTORS PVT LTD,K-RERA/PRJ/TVM/157/2022
Thiruvananthapuram,CORDIAL BHARATHI,CORDIAL FOUNDATION PVT LTD,K-RERA/PRJ/TVM/156/2022
Thiruvananthapuram,ARTECH FLORENZA,ARTECH REALTORS PRIVATE LIMITED,K-RERA/PRJ/TVM/154/2022
Thiruvananthapuram,STORIES IN THE SKY,ICLOUD HOMES PRIVATE LIMITED,K-RERA/PRJ/TVM/153/2022
Thiruvananthapuram,ASSET CANZARA,ASSET HOMES PRIVATE LIMITED,K-RERA/PRJ/TVM/152/2022
Thiruvananthapuram,ARTECH FUTURA,ARTECH REALTORS PRIVATE LIMITED,K-RERA/PRJ/TVM/151/2022
Thiruvananthapuram,Leela Madhavam Legacy by SI Property,SI Property Kerala Private Limited,K-RERA/PRJ/TVM/148/2022
Thiruvananthapuram,THE TECH SQUARE BY FAVOURITE HOMES,FAVOURITE CONSTRUCTIONS PRIVATE LIMITED,K-RERA/PRJ/TVM/145/2022
Thiruvananthapuram,SOBHA MEADOWS WHISPERING HILL,SOBHA LIMITED,K-RERA/PRJ/TVM/142/2022
Thiruvananthapuram,VFIVE LIFE,VFIVE HOMES PRIVATE LIMITED,K-RERA/PRJ/TVM/133/2022
Thiruvananthapuram,KSHB NEELAMBARI AMBALANAGAR APARTMENTS,KEERALA STATE HOUSING BOARD,K-RERA/PRJ/TVM/132/2022
Thiruvananthapuram,ANTA - PALACE AVENUE,ANTA BUILDERS & DEVELOPERS PVT LTD,K-RERA/PRJ/TVM/130/2022
Thiruvananthapuram,ARTECH EMPIRE,ARTECH REALTORS PRIVATE LIMITED,K-RERA/PRJ/TVM/126/2022
Thiruvananthapuram,CORDIAL LAYAM,CORDIAL HOMES PVT LTD,K-RERA/PRJ/TVM/124/2022
Thiruvananthapuram,MISTY ORCHIDS,Malabar Developers Private Limited,K-RERA/PRJ/TVM/123/2022
Thiruvananthapuram,NSD FERNTREE HEIGHTS,FTH OWNERS ASSOCIATION,K-RERA/PRJ/332/2020
Thiruvananthapuram,ALLURE,MIDHUN MARKOSE BUILDERS AND DEVELOPERS INDIA PVT LTD,K-RERA/PRJ/040/2021
Thiruvananthapuram,ARTECH PANORAMA,ARTECH REALTORS PRIVATE LIMITED,K-RERA/PRJ/TVM/121/2022
Thiruvananthapuram,THE HAVENS,BUILDOWN DEVELOPERS PRIVATE LIMITED,K-RERA/PRJ/TVM/106/2022
Thiruvananthapuram,CREATIONS NEIL CASTLE,CREATIONS VILLAS & APARTMENTS PRIVATE LIMITED,K-RERA/PRJ/TVM/104/2022
Thiruvananthapuram,VARMA SREEKARYAM,VARMA HOMES PRIVATE LIMITED,K-RERA/PRJ/TVM/101/2022
Thiruvananthapuram,CORDIAL PARADISE,CORDIAL HOMES PVT LTD,K-RERA/PRJ/TVM/099/2022
Thiruvananthapuram,VISTA RIO,KSEB OFFICERS HOUSE CONSTRUCTION COOPERATIVE SOCIETY,K-RERA/PRJ/TVM/098/2022
Thiruvananthapuram,CONFIDENT OASIS,Confident Projects Residential,K-RERA/PRJ/TVM/097/2022
Thiruvananthapuram,CONFIDENT AVIOR,Confident Projects India Pvt Ltd,K-RERA/PRJ/TVM/096/2022
Thiruvananthapuram,Dasco Royal Valley Phase 3,Mahesh Ayanimoodu Vijayan,K-RERA/PRJ/TVM/095/2022
Thiruvananthapuram,greenest ONE,GREENEST BUILDINGS AND BUSINESS PRIVATE LIMITED,K-RERA/PRJ/TVM/092/2022
Thiruvananthapuram,DD HIPPODROME,DESAI HOMES,K-RERA/PRJ/TVM/088/2022
Thiruvananthapuram,Sowparnika ISTA,Sowparnika Projects & Infrasturcture Pvt Ltd,K-RERA/PRJ/TVM/087/2022
Thiruvananthapuram,ARCON EXOTICA,ARCON HOME BUILDERS PRIVATE LIMITED,K-RERA/PRJ/TVM/085/2022
Thiruvananthapuram,ARTECH LUXUS,ARTECH REALTORS PRIVATE LIMITED,K-RERA/PRJ/TVM/077/2022
Thiruvananthapuram,VARMA SUBURBAN,VARMA HOMES PRIVATE LIMITED,K-RERA/PRJ/TVM/076/2022
Thiruvananthapuram,PARADISE Phase -II,PNR HOMES PRIVATE LIMITED,K-RERA/PRJ/TVM/074/2022
Thiruvananthapuram,SFS AMBER,SKYLINE FOUNDATIONS AND STRUCTURES PRIVATE LIMITED,K-RERA/PRJ/TVM/067/2022
Thiruvananthapuram,Cordial i-Nest,Cordial Properties India Pvt Ltd,K-RERA/PRJ/TVM/066/2022
Thiruvananthapuram,SANROYAL CHANAKYA,SANROYAL BUILDERS AND CONTRACTORS PVT LTD,K-RERA/PRJ/TVM/064/2022
Thiruvananthapuram,Sowparnika Promenade Square,Sowparnika Projects & Infrasturcture Pvt Ltd,K-RERA/PRJ/TVM/063/2022
Thiruvananthapuram,The Address UPTOWN,The Address Builders Pvt Ltd,K-RERA/PRJ/TVM/062/2022
Thiruvananthapuram,Aroma By the Cliff,AROMA INTERNATIONAL BUILDING CONTRACTING INDIA PVT LTD,K-RERA/PRJ/TVM/057/2022
Thiruvananthapuram,AI BY SREEDHANYA,Sree Dhanya Homes Pvt ltd,K-RERA/PRJ/TVM/054/2022
Thiruvananthapuram,Anklets By Sree Dhanya,Sree Dhanya Homes Pvt ltd,K-RERA/PRJ/TVM/053/2022
Thiruvananthapuram,Graffiti By Sree Dhanya,Sree Dhanya Homes Pvt ltd,K-RERA/PRJ/TVM/052/2022
Thiruvananthapuram,ECLAT TOWER,Nizwa Property Developers,K-RERA/PRJ/TVM/051/2022
Thiruvananthapuram,Sowparnika Highlands,Sowparnika Projects & Infrasturcture Pvt Ltd,K-RERA/PRJ/TVM/050/2022
Thiruvananthapuram,KBD Daffodils,KERATECH BUILDERS AND DEVELOPERS PRIVATE LIMITED,K-RERA/PRJ/TVM/049/2022
Thiruvananthapuram,Sowparnika Sandal Tower,Sowparnika Projects & Infrasturcture Pvt Ltd,K-RERA/PRJ/TVM/045/2022
Thiruvananthapuram,Sowparnika Sandal Tower,Sowparnika Projects & Infrasturcture Pvt Ltd,K-RERA/PRJ/TVM/045/2022
Thiruvananthapuram,Sowparnika Sandal Tower,Sowparnika Projects & Infrasturcture Pvt Ltd,K-RERA/PRJ/TVM/045/2022
Thiruvananthapuram,SNR SHASTHA,SNR BUILDERS,K-RERA/PRJ/TVM/044/2022
Thiruvananthapuram,Sparrow Paradisia,Sparrow Construction Management and Consultancy,K-RERA/PRJ/TVM/038/2022
Thiruvananthapuram,PRS Ramsaras,P R S Builders,K-RERA/PRJ/TVM/037/2022
Thiruvananthapuram,DEODATE PRAYAGA,DEODATE ENVIRONMENTAL HOMES PVT LTD,K-RERA/PRJ/202/2021
Thiruvananthapuram,Sowparnika River View Gardens Phase 1,Sowparnika Projects & Infrasturcture Pvt Ltd,K-RERA/PRJ/009/2022
Thiruvananthapuram,Sowparnika River View Gardens Phase 1,Sowparnika Projects & Infrasturcture Pvt Ltd,K-RERA/PRJ/009/2022
Thiruvananthapuram,Heather ENTICE,Heather Homes Private Limited,K-RERA/PRJ/TVM/036/2022
Thiruvananthapuram,ANTA - HILL TREE,ANTA BUILDERS & DEVELOPERS PVT LTD,K-RERA/PRJ/TVM/035/2022
Thiruvananthapuram,SANROYAL ROSCARA,SANROYAL BUILDERS AND CONTRACTORS PVT LTD,K-RERA/PRJ/337/2020
Thiruvananthapuram,SANROYAL ADONIA,SANROYAL BUILDERS AND CONTRACTORS PVT LTD,K-RERA/PRJ/032/2020
Thiruvananthapuram,AMBADI,G D FOUNDATIONS,K-RERA/PRJ/210/2020
Thiruvananthapuram,Sun and Sands,NEW CHALAI AGENCIES,K-RERA/PRJ/149/2021
Thiruvananthapuram,GRAND RIVIERA,OSKO BUILDERS INDIA PRIVATE LIMITED,K-RERA/PRJ/173/2021
Thiruvananthapuram,GIE ROYAL ORCHID,Great India Estates Private Limited,K-RERA/PRJ/144/2021
Thiruvananthapuram,THE PARK BY FAVOURITE HOMES,FAVOURITE CONSTRUCTIONS PRIVATE LIMITED,K-RERA/PRJ/005/2022
Thiruvananthapuram,The Maker Cacion,Mahesh Pillai,K-RERA/PRJ/082/2021
Thiruvananthapuram,THE PETALS VILLAS BY FAVOURITE HOMES,FAVOURITE CONSTRUCTIONS PRIVATE LIMITED,K-RERA/PRJ/151/2021
Thiruvananthapuram,IMPACT MILESTONE,ROBINSON PROPERTIES INTERNATIONAL PVT LTD,K-RERA/PRJ/333/2020
Thiruvananthapuram,IHDC HASHYS,INDIRA HOME DEVELOPERS AND CONTRACTORS LLP,K-RERA/PRJ/TVM/018/2022
Thiruvananthapuram,THE MAPLE BAY BY FAVOURITE HOMES,FAVOURITE CONSTRUCTIONS PRIVATE LIMITED,K-RERA/PRJ/TVM/017/2022
Thiruvananthapuram,SILVER CASTLE SPRINGS,Silver Castle Construction Company Pvt Ltd,K-RERA/PRJ/079/2020
Thiruvananthapuram,SOWPARNIKA RIVER VIEW GARDENS PHASE 3,Sowparnika Projects,K-RERA/PRJ/141/2021
Thiruvananthapuram,SOWPARNIKA RIVER VIEW GARDENS PHASE 3,Sowparnika Projects,K-RERA/PRJ/141/2021
Thiruvananthapuram,SHANOOR ORANGE WOODS,SHANOOR PROJECTS AND REALTORS PVT LTD,K-RERA/PRJ/TVM/013/2022
Thiruvananthapuram,SANROYAL SANETA,SANROYAL BUILDERS AND CONTRACTORS PVT LTD,K-RERA/PRJ/TVM/012/2022
Thiruvananthapuram,THE GARDEN COURT BY FAVOURITE VALUE PLUS,FAVOURITE CONSTRUCTIONS PRIVATE LIMITED,K-RERA/PRJ/TVM/006/2022
Thiruvananthapuram,PSD Himam,PETER SUNDER DHAS,K-RERA/PRJ/TVM/005/2022
Thiruvananthapuram,SANROYAL ASTORIA,SANROYAL BUILDERS AND CONTRACTORS PVT LTD,K-RERA/PRJ/176/2021
Thiruvananthapuram,MARUTHAM CREST ONE35,MARUTHAM APPARTMENT,K-RERA/PRJ/TVM/086/2021
Thiruvananthapuram,Levita Sapphire,Levita Builders and Developers Private Limited,K-RERA/PRJ/169/2021
Thiruvananthapuram,ORCHID SPRINGS,Malabar Developers Private Limited,K-RERA/PRJ/063/2021
Thiruvananthapuram,THE UPTOWN BY INDROYAL,INDROYAL PROPERTIES PRIVATE LIMITED,K-RERA/PRJ/052/2021
Thiruvananthapuram,SUN ELECASA,SUN PROJECTS INDIA PRIVATE LIMITED,K-RERA/PRJ/186/2021
Thiruvananthapuram,Sowparnika YARA,Sowparnika Supertech pvt Ltd,K-RERA/PRJ/TVM/073/2021
Thiruvananthapuram,CONDOR PRIMROSE,CONDOR BUILDERS PVT LTD,K-RERA/PRJ/TVM/069/2021
Thiruvananthapuram,ROME BY SREE DHANYA,Sree Dhanya Homes Pvt ltd,K-RERA/PRJ/TVM/068/2021
Thiruvananthapuram,THE LANTERN BY FAVOURITE HOMES,FAVOURITE CONSTRUCTIONS PRIVATE LIMITED,K-RERA/PRJ/TVM/067/2021
Thiruvananthapuram,VFIVE ELYSIUM PHASE II,VFIVE HOMES PRIVATE LIMITED,K-RERA/PRJ/138/2020
Thiruvananthapuram,SHANOOR TECH MERIDIAN,SHANOOR PROJECTS AND REALTORS PVT LTD,K-RERA/PRJ/TVM/057/2021
Thiruvananthapuram,SFS ORCHARD,SKYLINE FOUNDATIONS AND STRUCTURES PRIVATE LIMITED,K-RERA/PRJ/TVM/056/2021
Thiruvananthapuram,PRITHVI,Prime Property Developers,K-RERA/PRJ/TVM/055/2021
Thiruvananthapuram,THE ELITE,Chothy's Building Promoters Pvt Ltd,K-RERA/PRJ/113/2021
Thiruvananthapuram,DEODATE SKYPARK,DEODATE ENVIRONMENTAL HOMES PVT LTD,K-RERA/PRJ/TVM/049/2021
Thiruvananthapuram,POWERLINK SHYAMAMOHANAM,Powerlink Builders Pvt Ltd,K-RERA/PRJ/154/2021
Thiruvananthapuram,VFIVE PEARL,VFIVE HOMES PRIVATE LIMITED,K-RERA/PRJ/072/2020
Thiruvananthapuram,HEATHER GREENAGE,Heather Infrastructure Private Limited,K-RERA/PRJ/051/2021
Thiruvananthapuram,POWERLINK HILARY,Powerlink Builders Pvt Ltd,K-RERA/PRJ/123/2020
Thiruvananthapuram,Adonai Majesty,Adonai Shelters Pvt Ltd,K-RERA/PRJ/311/2020
Thiruvananthapuram,DD JAL DARSHAN,Desai Rachana Private Limited,K-RERA/PRJ/TVM/048/2021
Thiruvananthapuram,ANTA - TROPICALIA,ANTA BUILDERS & DEVELOPERS PVT LTD,K-RERA/PRJ/TVM/047/2021
Thiruvananthapuram,Sowparnika River View Gardens Phase 2,Sowparnika Projects,K-RERA/PRJ/146/2021
Thiruvananthapuram,Sowparnika River View Gardens Phase 2,Sowparnika Projects,K-RERA/PRJ/146/2021
Thiruvananthapuram,SOWPARNIKA RIVER VIEW GARDENS PHASE 4,Sowparnika Projects,K-RERA/PRJ/185/2021
Thiruvananthapuram,SOWPARNIKA RIVER VIEW GARDENS PHASE 4,Sowparnika Projects,K-RERA/PRJ/185/2021
Thiruvananthapuram,CONFIDENT HORIZON,Confident Projects Residential,K-RERA/PRJ/TVM/046/2021
Thiruvananthapuram,WINDS OF CHANGE,ICLOUD HOMES PRIVATE LIMITED,K-RERA/PRJ/182/2021
Thiruvananthapuram,THE 44 CLUB,ICLOUD HOMES PRIVATE LIMITED,K-RERA/PRJ/183/2021
Thiruvananthapuram,Urbanscape Dynasty,Urbanscape Properties LLP,K-RERA/PRJ/110/2021
Thiruvananthapuram,PARADISE,PNR HOMES PRIVATE LIMITED,K-RERA/PRJ/TVM/040/2021
Thiruvananthapuram,Kalyan Centrum,Kalyan Developers,K-RERA/PRJ/049/2021
Thiruvananthapuram,Urbanscape Glory,Urbanscape Properties LLP,K-RERA/PRJ/063/2020
Thiruvananthapuram,PRS PARAM RATNA,PRS BUILD INDIA PRIVATE LIMITED,K-RERA/PRJ/286/2020
Thiruvananthapuram,VFIVE MIDCITY,VFIVE HOMES PRIVATE LIMITED,K-RERA/PRJ/043/2021
Thiruvananthapuram,ARTECH LIFESPACES,ARTECH REALTORS PRIVATE LIMITED,K-RERA/PRJ/004/2020
Thiruvananthapuram,RED ORCHID,Malabar Developers Private Limited,K-RERA/PRJ/164/2020
Thiruvananthapuram,SILVER SPRING,PNR HOMES PRIVATE LIMITED,K-RERA/PRJ/TVM/033/2021
Thiruvananthapuram,MYS JEWEL,MYS CONSTRUCTIONS,K-RERA/PRJ/158/2021
Thiruvananthapuram,SPACE RUBY MANSION,SOBHA PARVATHY AJITH CONSULTANT ENGINEERS AND BUILDERS Pvt Ltd,K-RERA/PRJ/073/2021
Thiruvananthapuram,SPACE RUBY MANSION,SOBHA PARVATHY AJITH CONSULTANT ENGINEERS AND BUILDERS Pvt Ltd,K-RERA/PRJ/073/2021
Thiruvananthapuram,ARYA,Chothy's Building Promoters Pvt Ltd,K-RERA/PRJ/054/2020
Thiruvananthapuram,VFIVE DEEPAM,VFIVE HOMES PRIVATE LIMITED,K-RERA/PRJ/346/2020
Thiruvananthapuram,ANTA - ICON,ANTA BUILDERS & DEVELOPERS PVT LTD,K-RERA/PRJ/TVM/032/2021
Thiruvananthapuram,Nikunjam Tharangini,Nikunjam Constructions Private Limited,K-RERA/PRJ/003/2020
Thiruvananthapuram,VFIVE AMRUTHA,VFIVE HOMES PRIVATE LIMITED,K-RERA/PRJ/345/2020
Thiruvananthapuram,MANSIONS SKYLUXE,MANSIONS,K-RERA/PRJ/084/2020
Thiruvananthapuram,REGALIA APARTMENT,KSATHEESAN REALTORS PRIVATE LIMITED,K-RERA/PRJ/296/2020
Thiruvananthapuram,ARTECH RAINFOREST,ARTECH REALTORS PRIVATE LIMITED,K-RERA/PRJ/270/2020
Thiruvananthapuram,THE VINTAGE BY FAVOURITE HOMES,FAVOURITE CONSTRUCTIONS PRIVATE LIMITED,K-RERA/PRJ/021/2020
Thiruvananthapuram,Kalyan Gateway,Kalyan Developers,K-RERA/PRJ/055/2020
Thiruvananthapuram,CORDON TRINITY,CORDON CONSTRUCTORS & REALTORS Pvt Ltd,K-RERA/PRJ/005/2021
Thiruvananthapuram,SOWPARNIKA BHAVANI,Sowparnika Projects & Infrasturcture Pvt Ltd,K-RERA/PRJ/103/2021
Thiruvananthapuram,SOWPARNIKA RIVER VIEW GARDENS PHASE 5,Sowparnika Projects,K-RERA/PRJ/147/2021
Thiruvananthapuram,SOWPARNIKA RIVER VIEW GARDENS PHASE 5,Sowparnika Projects,K-RERA/PRJ/147/2021
Thiruvananthapuram,VFIVE ELYSIUM PHASE 1,VFIVE HOMES PRIVATE LIMITED,K-RERA/PRJ/290/2020
Thiruvananthapuram,POWERLINK GRAND HILLS,Powerlink Builders Pvt Ltd,K-RERA/PRJ/330/2020
Thiruvananthapuram,SOWPARNIKA SEYCHELLES,Sowparnika Projects & Infrasturcture Pvt Ltd,K-RERA/PRJ/036/2021
Thiruvananthapuram,SOWPARNIKA SEYCHELLES,Sowparnika Projects & Infrasturcture Pvt Ltd,K-RERA/PRJ/036/2021
Thiruvananthapuram,SOWPARNIKA GRAND SQUARE,Sowparnika Projects & Infrasturcture Pvt Ltd,K-RERA/PRJ/361/2020
Thiruvananthapuram,SOWPARNIKA GRAND SQUARE,Sowparnika Projects & Infrasturcture Pvt Ltd,K-RERA/PRJ/361/2020
Thiruvananthapuram,CORDIAL MAGNOLIA,CORDIAL DEVELOPERS PVT LTD,K-RERA/PRJ/096/2021
Thiruvananthapuram,GREEN VIEWS,Chothy's Building Promoters Pvt Ltd,K-RERA/PRJ/116/2020
Thiruvananthapuram,JOS ALUKKAS GOLDEN ARK,ALUKKAS REALTORS INDIA PVT LITD,K-RERA/PRJ/065/2021
Thiruvananthapuram,THE PETALS VILLAMENT BY FAVOURITE HOMES,FAVOURITE CONSTRUCTIONS PRIVATE LIMITED,K-RERA/PRJ/119/2021
Thiruvananthapuram,CONFIDENT GOLD COAST B,Confident Projects India Pvt Ltd,K-RERA/PRJ/307/2020
Thiruvananthapuram,CORDON IMPERIAL GARDENS,CORDON CONSTRUCTORS & REALTORS Pvt Ltd,K-RERA/PRJ/006/2020
Thiruvananthapuram,CORDON VISTA,CORDON CONSTRUCTORS & REALTORS Pvt Ltd,K-RERA/PRJ/052/2020
Thiruvananthapuram,Kalyan Sapphire,Kalyan Developers,K-RERA/PRJ/250/2020
Thiruvananthapuram,Kalyan Divinity,Kalyan Developers,K-RERA/PRJ/205/2020
Thiruvananthapuram,KOYIKKAL ICONIC,KOYIKKAL CONSTRUCTIONS PRIVATE LIMITED,K-RERA/PRJ/136/2021
Thiruvananthapuram,ANTA - CAPITAL GREEN,ANTA BUILDERS & DEVELOPERS PVT LTD,K-RERA/PRJ/248/2020
Thiruvananthapuram,SUN CORNER STONE,SUN PROJECTS INDIA PRIVATE LIMITED,K-RERA/PRJ/297/2020
Thrissur,NAVERA ANTALYA,Navera Builders Private Limited,K-RERA/PRJ/TSR/027/2025
Thrissur,Bilba Elegancia,Binu Narayanan,K-RERA/PRJ/TSR/024/2025
Thrissur,HILIFE LUXUS APARTMENTS,HiLife Builders Pvt Ltd,K-RERA/PRJ/TSR/023/2025
Thrissur,NANDANAM GREENWOODS PHASE 2,SALIM ASSOCIATES BUILDERS AND DEVELOPERS PRIVATE LIMITED,K-RERA/PRJ/TSR/020/2025
Thrissur,SANKAR ENCLAVE,BEENA VALSAN,K-RERA/PRJ/TSR/010/2025
Thrissur,AUREX CASCADE CITY,AUREX BUILDERS PVT LTD,K-RERA/PRJ/TSR/263/2024
Thrissur,SILVER HILLS,PREMLAL CHANDRAN,K-RERA/PRJ/TSR/261/2024
Thrissur,Ambadi Apartments,SREEPATHI ASSOCIATES BUILDERS & PROMOTERS,K-RERA/PRJ/TSR/260/2024
Thrissur,MAJESTIC VILLAGE,JAZCO DEVELOPERS,K-RERA/PRJ/TSR/259/2024
Thrissur,OMG PRIME GARDEN,OMG PROPERTIES,K-RERA/PRJ/TSR/248/2024
Thrissur,ROSE GARDEN PHASE I,ANIL KUMAR O M,K-RERA/PRJ/TSR/231/2024
Thrissur,VND CENTRAL AVENUE,V N DEVELOPERS,K-RERA/PRJ/TSR/228/2024
Thrissur,MERLIN AMALA HEIGHTS,ITTIACHEN VL,K-RERA/PRJ/TSR/209/2024
Thrissur,PB JAHNVI,PB HOMES PVT LTD,K-RERA/PRJ/TSR/198/2024
Thrissur,VISHRAAM CITYLITE,VISHRAAM BUILDERS,K-RERA/PRJ/TSR/195/2024
Thrissur,VICTORIA REALTORS ANCHANAM,DHARMIC LIVING PVT LTD,K-RERA/PRJ/TSR/185/2024
Thrissur,ASSET PAVITHRAM,ASSET SABARI PROPERTIES PRIVATE LIMITED,K-RERA/PRJ/TSR/177/2024
Thrissur,ADORA ACCENT,ADORA HOMES PRIVATE LIMITED,K-RERA/PRJ/TSR/166/2024
Thrissur,VIKAS LNN,VIDHYA R,K-RERA/PRJ/TSR/156/2024
Thrissur,ELITE HOMES AND REALTY,ELITE HOMES&REALTY,K-RERA/PRJ/TSR/155/2024
Thrissur,KARIPPERIPARAMBIL GARDENS,SURESH K,K-RERA/PRJ/TSR/152/2024
Thrissur,Park Avenue Premium Appartments,Babu Majeed P M,K-RERA/PRJ/TSR/151/2024
Thrissur,Oasis Villas,R A SALIM,K-RERA/PRJ/TSR/136/2024
Thrissur,SUKRITHAM REGENCY,SAPTHAVARNA BUILDERS PVT LTD,K-RERA/PRJ/TSR/135/2024
Thrissur,CONFIDENT BLISS,Confident Projects Residential,K-RERA/PRJ/TSR/134/2024
Thrissur,ELIXIR ANFIELD,Elixir Villas & Apartments Pvt Ltd,K-RERA/PRJ/TSR/133/2024
Thrissur,VICTORIA REALTORS PRIYAM,DHARMIC LIVING PVT LTD,K-RERA/PRJ/TSR/129/2024
Thrissur,UTSAVAM APPARTMENT,DREAMSWORLD LIVING SPACE PRIVATE LIMITED,K-RERA/PRJ/TSR/128/2024
Thrissur,VILAMONT APARTMENTS,Ravissan Homes Pvt Ltd,K-RERA/PRJ/TSR/125/2024
Thrissur,WESTFORT INEOS,WESTFORT REALTORS PRIVATE LIMITED,K-RERA/PRJ/TSR/124/2024
