xid,floorplans,Formatted Floor Plans
428412,"[('Saleable', '3 BHK 2780 Sq. Ft. Apartment', '(Saleable)', '2780 Sq. Ft.', 'Rs 5.00 Cr'), ('Saleable', '4 BHK 3780 Sq. Ft. Apartment', '(Saleable)', '3780 Sq. Ft.', 'Rs 6.80 Cr')]","3 BHK Apartment, Saleable, 2780 Sq., Saleable, , Rs 5.00 Cr | 4 BHK Apartment, Saleable, 3780 Sq., Saleable, , Rs 6.80 Cr"
405181,"[('Saleable', '3 BHK 2260 Sq. Ft. Apartment', '(Saleable)', '2260 Sq. Ft.', 'Rs 3.67 Cr'), ('Saleable', '3 BHK 2365 Sq. Ft. Apartment', '(Saleable)', '2365 Sq. Ft.', 'Rs 3.84 Cr'), ('Saleable', '4 BHK 2685 Sq. Ft. Apartment', '(Saleable)', '2685 Sq. Ft.', 'Rs 4.36 Cr')]","3 BHK Apartment, Saleable, 2260 Sq., Saleable, , Rs 3.67 Cr | 3 BHK Apartment, Saleable, 2365 Sq., Saleable, , Rs 3.84 Cr | 4 BHK Apartment, Saleable, 2685 Sq., Saleable, , Rs 4.36 Cr"
391580,"[('Saleable', '4 BHK 2286 Sq. Ft. Ind Floor', '(Saleable)', '2286 Sq. Ft.', 'Rs 7.30 Cr'), ('Saleable', '5 BHK 4527 Sq. Ft. Ind Floor', '(Saleable)', '4527 Sq. Ft.', 'Rs 14.46 Cr')]","4 BHK Ind Floor, Saleable, 2286 Sq., Saleable, , Rs 7.30 Cr | 5 BHK Ind Floor, Saleable, 4527 Sq., Saleable, , Rs 14.46 Cr"
430191,"[('Saleable', '4 BHK 4750 Sq. Ft. Apartment', '(Saleable)', '4750 Sq. Ft.', 'Rs 12.87 Cr')]","4 BHK Apartment, Saleable, 4750 Sq., Saleable, , Rs 12.87 Cr"
318679,"[('Saleable', '2 BHK 1099 Sq. Ft. Apartment', '(Carpet)', '683 Sq. Ft.', 'Rs 1.37 Cr'), ('Saleable', '3 BHK 1359 Sq. Ft. Apartment', '(Carpet)', '861 Sq. Ft.', 'Rs 1.70 Cr'), ('Saleable', '3 BHK 1389 Sq. Ft. Apartment', '(Carpet)', '884 Sq. Ft.', 'Rs 1.73 Cr'), ('Saleable', '3 BHK 1689 Sq. Ft. Apartment', '(Carpet)', '1082 Sq. Ft.', 'Rs 2.11 Cr')]","2 BHK Apartment, Saleable, 1099 Sq., Carpet, , Rs 1.37 Cr | 3 BHK Apartment, Saleable, 1359 Sq., Carpet, , Rs 1.70 Cr | 3 BHK Apartment, Saleable, 1389 Sq., Carpet, , Rs 1.73 Cr | 3 BHK Apartment, Saleable, 1689 Sq., Carpet, , Rs 2.11 Cr"
336331,"[('Saleable', '3 BHK 1900 Sq. Ft. Apartment', '(Carpet)', '1220 Sq. Ft.', 'Rs 2.56 Cr'), ('Saleable', '4 BHK 2550 Sq. Ft. Apartment', '(Carpet)', '1645 Sq. Ft.', 'Rs 3.44 Cr')]","3 BHK Apartment, Saleable, 1900 Sq., Carpet, , Rs 2.56 Cr | 4 BHK Apartment, Saleable, 2550 Sq., Carpet, , Rs 3.44 Cr"
270729,"[('Saleable', '3 BHK 2400 Sq. Ft. Apartment', '(Saleable)', '2400 Sq. Ft.', 'Rs 1.99 Cr'), ('Saleable', '3 BHK 1800 Sq. Ft. Apartment', '(Saleable)', '1800 Sq. Ft.', 'Rs 1.46 Cr')]","3 BHK Apartment, Saleable, 2400 Sq., Saleable, , Rs 1.99 Cr | 3 BHK Apartment, Saleable, 1800 Sq., Saleable, , Rs 1.46 Cr"
427056,"[('Saleable', '4 BHK 4270 Sq. Ft. Apartment', '(Saleable)', '4270 Sq. Ft.', 'Rs 10.50 Cr'), ('Saleable', '4 BHK 3755 Sq. Ft. Apartment', '(Saleable)', '3755 Sq. Ft.', 'Rs 9.24 Cr')]","4 BHK Apartment, Saleable, 4270 Sq., Saleable, , Rs 10.50 Cr | 4 BHK Apartment, Saleable, 3755 Sq., Saleable, , Rs 9.24 Cr"
25860,"[('Saleable', '3 BHK 2290 Sq. Ft. Apartment', '(Saleable)', '2290 Sq. Ft.', 'Rs 1.65 Cr'), ('Saleable', '4 BHK 3150 Sq. Ft. Apartment', '(Saleable)', '3150 Sq. Ft.', 'Rs 2.45 Cr')]","3 BHK Apartment, Saleable, 2290 Sq., Saleable, , Rs 1.65 Cr | 4 BHK Apartment, Saleable, 3150 Sq., Saleable, , Rs 2.45 Cr"
379918,"[('Saleable', '2 BHK 1057 Sq. Ft. Apartment', '(Saleable)', '1057 Sq. Ft.', 'Rs 89.00 Lac'), ('Saleable', '2 BHK 1192 Sq. Ft. Apartment', '(Saleable)', '1192 Sq. Ft.', 'Rs 1.00 Cr'), ('Saleable', '3 BHK 1567 Sq. Ft. Apartment', '(Saleable)', '1567 Sq. Ft.', 'Rs 1.31 Cr'), ('Saleable', '3 BHK 1774 Sq. Ft. Apartment', '(Saleable)', '1774 Sq. Ft.', 'Rs 1.49 Cr'), ('Saleable', '4 BHK 2191 Sq. Ft. Apartment', '(Saleable)', '2191 Sq. Ft.', 'Rs 1.83 Cr')]","2 BHK Apartment, Saleable, 1057 Sq., Saleable, , Rs 89.00 Lac | 2 BHK Apartment, Saleable, 1192 Sq., Saleable, , Rs 1.00 Cr | 3 BHK Apartment, Saleable, 1567 Sq., Saleable, , Rs 1.31 Cr | 3 BHK Apartment, Saleable, 1774 Sq., Saleable, , Rs 1.49 Cr | 4 BHK Apartment, Saleable, 2191 Sq., Saleable, , Rs 1.83 Cr"
426159,"[('Saleable', '1 BHK 525 Sq. Ft. Apartment', '(Carpet)', '248 Sq. Ft.', 'Rs 55.00 Lac'), ('Saleable', '3 BHK 2150 Sq. Ft. Ind Floor', '(Carpet)', '1128 Sq. Ft.', 'Rs 1.67 Cr'), ('Saleable', '3 BHK 2100 Sq. Ft. Ind Floor', '(Carpet)', '1066 Sq. Ft.', 'Rs 1.63 Cr'), ('Saleable', '3 BHK 2175 Sq. Ft. Ind Floor', '(Carpet)', '1128 Sq. Ft.', 'Rs 1.69 Cr')]","1 BHK Apartment, Saleable, 525 Sq., Carpet, , Rs 55.00 Lac | 3 BHK Ind Floor, Saleable, 2150 Sq., Carpet, , Rs 1.67 Cr | 3 BHK Ind Floor, Saleable, 2100 Sq., Carpet, , Rs 1.63 Cr | 3 BHK Ind Floor, Saleable, 2175 Sq., Carpet, , Rs 1.69 Cr"
426520,"[('Saleable', '3 BHK 1945 Sq. Ft. Apartment', '(Saleable)', '1945 Sq. Ft.', 'Rs 3.25 Cr'), ('Saleable', '3 BHK 2395 Sq. Ft. Apartment', '(Saleable)', '2395 Sq. Ft.', 'Rs 4.00 Cr'), ('Saleable', '4 BHK 2850 Sq. Ft. Apartment', '(Saleable)', '2850 Sq. Ft.', 'Rs 4.76 Cr')]","3 BHK Apartment, Saleable, 1945 Sq., Saleable, , Rs 3.25 Cr | 3 BHK Apartment, Saleable, 2395 Sq., Saleable, , Rs 4.00 Cr | 4 BHK Apartment, Saleable, 2850 Sq., Saleable, , Rs 4.76 Cr"
404068,"[('Saleable', '3 BHK 1555 Sq. Ft. Apartment', '(Saleable)', '1555 Sq. Ft.', 'Rs 3.19 Cr'), ('Saleable', '3 BHK 2050 Sq. Ft. Apartment', '(Saleable)', '2050 Sq. Ft.', 'Rs 4.20 Cr'), ('Saleable', '4 BHK 2270 Sq. Ft. Apartment', '(Saleable)', '2270 Sq. Ft.', 'Rs 4.65 Cr'), ('Saleable', '4 BHK 2525 Sq. Ft. Apartment', '(Saleable)', '2525 Sq. Ft.', 'Rs 5.18 Cr')]","3 BHK Apartment, Saleable, 1555 Sq., Saleable, , Rs 3.19 Cr | 3 BHK Apartment, Saleable, 2050 Sq., Saleable, , Rs 4.20 Cr | 4 BHK Apartment, Saleable, 2270 Sq., Saleable, , Rs 4.65 Cr | 4 BHK Apartment, Saleable, 2525 Sq., Saleable, , Rs 5.18 Cr"
327273,"[('Saleable', '4 BHK 3501 Sq. Ft. Apartment', '(Carpet)', '2085 Sq. Ft.', 'Rs 7.70 Cr'), ('Saleable', '4 BHK 4482 Sq. Ft. Apartment', '(Carpet)', '2570 Sq. Ft.', 'Rs 9.86 Cr'), ('Saleable', '5 BHK 6570 Sq. Ft. Apartment', '(Carpet)', '3904 Sq. Ft.', 'Rs 14.45 Cr')]","4 BHK Apartment, Saleable, 3501 Sq., Carpet, , Rs 7.70 Cr | 4 BHK Apartment, Saleable, 4482 Sq., Carpet, , Rs 9.86 Cr | 5 BHK Apartment, Saleable, 6570 Sq., Carpet, , Rs 14.45 Cr"
434608,"[('Saleable', '3 BHK 2200 Sq. Ft. Apartment', '(Saleable)', '2200 Sq. Ft.', 'Rs 3.74 Cr'), ('Saleable', '4 BHK 2875 Sq. Ft. Apartment', '(Saleable)', '2875 Sq. Ft.', 'Rs 4.89 Cr'), ('Saleable', '4 BHK 3600 Sq. Ft. Apartment', '(Saleable)', '3600 Sq. Ft.', 'Rs 6.12 Cr')]","3 BHK Apartment, Saleable, 2200 Sq., Saleable, , Rs 3.74 Cr | 4 BHK Apartment, Saleable, 2875 Sq., Saleable, , Rs 4.89 Cr | 4 BHK Apartment, Saleable, 3600 Sq., Saleable, , Rs 6.12 Cr"
378131,"[('Saleable', '2 BHK 1158 Sq. Ft. Ind Floor', '(Saleable)', '1158 Sq. Ft.', 'Rs 1.59 Cr'), ('Saleable', '3 BHK 1494 Sq. Ft. Ind Floor', '(Saleable)', '1494 Sq. Ft.', 'Rs 2.05 Cr'), ('Saleable', '3 BHK 1620 Sq. Ft. Ind Floor', '(Saleable)', '1620 Sq. Ft.', 'Rs 2.23 Cr')]","2 BHK Ind Floor, Saleable, 1158 Sq., Saleable, , Rs 1.59 Cr | 3 BHK Ind Floor, Saleable, 1494 Sq., Saleable, , Rs 2.05 Cr | 3 BHK Ind Floor, Saleable, 1620 Sq., Saleable, , Rs 2.23 Cr"
404772,"[('Saleable', '3 BHK 2129 Sq. Ft. Ind Floor', '(Saleable)', '2129 Sq. Ft.', 'Rs 4.26 Cr'), ('Saleable', '3 BHK 2327 Sq. Ft. Ind Floor', '(Saleable)', '2327 Sq. Ft.', 'Rs 4.65 Cr'), ('Saleable', '4 BHK 4150 Sq. Ft. Ind Floor', '(Saleable)', '4150 Sq. Ft.', 'Rs 8.30 Cr')]","3 BHK Ind Floor, Saleable, 2129 Sq., Saleable, , Rs 4.26 Cr | 3 BHK Ind Floor, Saleable, 2327 Sq., Saleable, , Rs 4.65 Cr | 4 BHK Ind Floor, Saleable, 4150 Sq., Saleable, , Rs 8.30 Cr"
390137,"[('Saleable', '3 BHK 2874 Sq. Ft. Apartment', '(Carpet)', '1638 Sq. Ft.', 'Rs 11.50 Cr'), ('Saleable', '3 BHK 2892 Sq. Ft. Apartment', '(Carpet)', '1647 Sq. Ft.', 'Rs 11.57 Cr'), ('Saleable', '4 BHK 3684 Sq. Ft. Apartment', '(Carpet)', '2229 Sq. Ft.', 'Rs 14.74 Cr'), ('Saleable', '5 BHK 4503 Sq. Ft. Apartment', '(Carpet)', '2822 Sq. Ft.', 'Rs 18.01 Cr')]","3 BHK Apartment, Saleable, 2874 Sq., Carpet, , Rs 11.50 Cr | 3 BHK Apartment, Saleable, 2892 Sq., Carpet, , Rs 11.57 Cr | 4 BHK Apartment, Saleable, 3684 Sq., Carpet, , Rs 14.74 Cr | 5 BHK Apartment, Saleable, 4503 Sq., Carpet, , Rs 18.01 Cr"
403842,"[('Saleable', '3 BHK 1800 Sq. Ft. Ind Floor', '(Saleable)', '1800 Sq. Ft.', 'Rs 3.94 Cr'), ('Saleable', '3 BHK 1870 Sq. Ft. Ind Floor', '(Saleable)', '1870 Sq. Ft.', 'Rs 4.09 Cr'), ('Saleable', '3 BHK 2033 Sq. Ft. Ind Floor', '(Saleable)', '2033 Sq. Ft.', 'Rs 4.45 Cr'), ('Saleable', '3 BHK 2059 Sq. Ft. Ind Floor', '(Saleable)', '2059 Sq. Ft.', 'Rs 4.60 Cr'), ('Saleable', '4 BHK 2750 Sq. Ft. Ind Floor', '(Saleable)', '2750 Sq. Ft.', 'Rs 5.30 Cr'), ('Saleable', '4 BHK 2321 Sq. Ft. Ind Floor', '(Saleable)', '2321 Sq. Ft.', 'Rs 5.10 Cr'), ('Saleable', '4 BHK 2733 Sq. Ft. Ind Floor', '(Saleable)', '2733 Sq. Ft.', 'Rs 5.95 Cr')]","3 BHK Ind Floor, Saleable, 1800 Sq., Saleable, , Rs 3.94 Cr | 3 BHK Ind Floor, Saleable, 1870 Sq., Saleable, , Rs 4.09 Cr | 3 BHK Ind Floor, Saleable, 2033 Sq., Saleable, , Rs 4.45 Cr | 3 BHK Ind Floor, Saleable, 2059 Sq., Saleable, , Rs 4.60 Cr | 4 BHK Ind Floor, Saleable, 2750 Sq., Saleable, , Rs 5.30 Cr | 4 BHK Ind Floor, Saleable, 2321 Sq., Saleable, , Rs 5.10 Cr | 4 BHK Ind Floor, Saleable, 2733 Sq., Saleable, , Rs 5.95 Cr"
403945,"[('Saleable', '3 BHK 1390 Sq. Ft. Apartment', '(Saleable)', '1390 Sq. Ft.', 'Rs 1.67 Cr'), ('Saleable', '3 BHK 1925 Sq. Ft. Apartment', '(Saleable)', '1925 Sq. Ft.', 'Rs 2.31 Cr'), ('Saleable', '4 BHK 2150 Sq. Ft. Apartment', '(Saleable)', '2150 Sq. Ft.', 'Rs 2.58 Cr'), ('Saleable', '4 BHK 2550 Sq. Ft. Apartment', '(Saleable)', '2550 Sq. Ft.', 'Rs 3.06 Cr')]","3 BHK Apartment, Saleable, 1390 Sq., Saleable, , Rs 1.67 Cr | 3 BHK Apartment, Saleable, 1925 Sq., Saleable, , Rs 2.31 Cr | 4 BHK Apartment, Saleable, 2150 Sq., Saleable, , Rs 2.58 Cr | 4 BHK Apartment, Saleable, 2550 Sq., Saleable, , Rs 3.06 Cr"
405529,"[('Saleable', '3 BHK 2071 Sq. Ft. Apartment', '(Carpet)', '1276 Sq. Ft.', 'Rs 2.43 Cr'), ('Saleable', '4 BHK 2390 Sq. Ft. Apartment', '(Carpet)', '1397 Sq. Ft.', 'Rs 2.81 Cr')]","3 BHK Apartment, Saleable, 2071 Sq., Carpet, , Rs 2.43 Cr | 4 BHK Apartment, Saleable, 2390 Sq., Carpet, , Rs 2.81 Cr"
419936,"[('Saleable', '2 BHK 1651 Sq. Ft. Apartment', '(Saleable)', '1651 Sq. Ft.', 'Rs 3.63 Cr'), ('Saleable', '2 BHK 2041 Sq. Ft. Apartment', '(Saleable)', '2041 Sq. Ft.', 'Rs 4.49 Cr'), ('Saleable', '3 BHK 2514 Sq. Ft. Apartment', '(Saleable)', '2514 Sq. Ft.', 'Rs 5.53 Cr'), ('Saleable', '4 BHK 2777 Sq. Ft. Apartment', '(Saleable)', '2777 Sq. Ft.', 'Rs 6.11 Cr'), ('Saleable', '4 BHK 3416 Sq. Ft. Apartment', '(Saleable)', '3416 Sq. Ft.', 'Rs 7.52 Cr')]","2 BHK Apartment, Saleable, 1651 Sq., Saleable, , Rs 3.63 Cr | 2 BHK Apartment, Saleable, 2041 Sq., Saleable, , Rs 4.49 Cr | 3 BHK Apartment, Saleable, 2514 Sq., Saleable, , Rs 5.53 Cr | 4 BHK Apartment, Saleable, 2777 Sq., Saleable, , Rs 6.11 Cr | 4 BHK Apartment, Saleable, 3416 Sq., Saleable, , Rs 7.52 Cr"
427191,"[('Saleable', '3 BHK 2392 Sq. Ft. Apartment', '(Saleable)', '2392 Sq. Ft.', 'Rs 4.19 Cr'), ('Saleable', '4 BHK 3101 Sq. Ft. Apartment', '(Saleable)', '3101 Sq. Ft.', 'Rs 5.43 Cr')]","3 BHK Apartment, Saleable, 2392 Sq., Saleable, , Rs 4.19 Cr | 4 BHK Apartment, Saleable, 3101 Sq., Saleable, , Rs 5.43 Cr"
427906,"[('Saleable', '3 BHK 3045 Sq. Ft. Apartment', '(Carpet)', '1598 Sq. Ft.', 'Rs 7.18 Cr'), ('Saleable', '3 BHK 3231 Sq. Ft. Apartment', '(Carpet)', '1768 Sq. Ft.', 'Rs 7.62 Cr'), ('Saleable', '4 BHK 3914 Sq. Ft. Apartment', '(Carpet)', '2114 Sq. Ft.', 'Rs 9.23 Cr'), ('Saleable', '678 Sq. Ft. Studio', '(Carpet)', '351 Sq. Ft.', 'Rs 1.60 Cr'), ('Saleable', '735 Sq. Ft. Studio', '(Carpet)', '307 Sq. Ft.', 'Rs 1.73 Cr')]","3 BHK Apartment, Saleable, 3045 Sq., Carpet, , Rs 7.18 Cr | 3 BHK Apartment, Saleable, 3231 Sq., Carpet, , Rs 7.62 Cr | 4 BHK Apartment, Saleable, 3914 Sq., Carpet, , Rs 9.23 Cr | 678 BHK Ft. Studio, Saleable, Ft. Studio, Carpet, , Rs 1.60 Cr | 735 BHK Ft. Studio, Saleable, Ft. Studio, Carpet, , Rs 1.73 Cr"
26134,"[('Saleable', '3 BHK 2384 Sq. Ft. Ind Floor', '(Saleable)', '2384 Sq. Ft.', 'Rs 2.84 Cr'), ('Saleable', '3 BHK 2147 Sq. Ft. Ind Floor', '(Saleable)', '2147 Sq. Ft.', 'Rs 2.55 Cr'), ('Saleable', '3 BHK 2647 Sq. Ft. Ind Floor', '(Saleable)', '2647 Sq. Ft.', 'Rs 3.15 Cr'), ('Saleable', '3 BHK 2435 Sq. Ft. Ind Floor', '(Saleable)', '2435 Sq. Ft.', 'Rs 2.90 Cr'), ('Saleable', '4 BHK 3480 Sq. Ft. Ind Floor', '(Saleable)', '3480 Sq. Ft.', 'Rs 4.14 Cr'), ('Saleable', '4 BHK 5374 Sq. Ft. Ind Floor', '(Saleable)', '5374 Sq. Ft.', 'Rs 6.40 Cr'), ('Saleable', '4 BHK 5709 Sq. Ft. Ind Floor', '(Saleable)', '5709 Sq. Ft.', 'Rs 6.79 Cr'), ('Saleable', '4 BHK 3693 Sq. Ft. Ind Floor', '(Saleable)', '3693 Sq. Ft.', 'Rs 4.39 Cr'), ('Saleable', '4 BHK 3440 Sq. Ft. Ind Floor', '(Saleable)', '3440 Sq. Ft.', 'Rs 4.09 Cr')]","3 BHK Ind Floor, Saleable, 2384 Sq., Saleable, , Rs 2.84 Cr | 3 BHK Ind Floor, Saleable, 2147 Sq., Saleable, , Rs 2.55 Cr | 3 BHK Ind Floor, Saleable, 2647 Sq., Saleable, , Rs 3.15 Cr | 3 BHK Ind Floor, Saleable, 2435 Sq., Saleable, , Rs 2.90 Cr | 4 BHK Ind Floor, Saleable, 3480 Sq., Saleable, , Rs 4.14 Cr | 4 BHK Ind Floor, Saleable, 5374 Sq., Saleable, , Rs 6.40 Cr | 4 BHK Ind Floor, Saleable, 5709 Sq., Saleable, , Rs 6.79 Cr | 4 BHK Ind Floor, Saleable, 3693 Sq., Saleable, , Rs 4.39 Cr | 4 BHK Ind Floor, Saleable, 3440 Sq., Saleable, , Rs 4.09 Cr"
5456,"[('Saleable', '2 BHK 1550 Sq. Ft. Apartment', '(Saleable)', '1550 Sq. Ft.', 'Rs 1.40 Cr'), ('Saleable', '2 BHK 1700 Sq. Ft. Apartment', '(Saleable)', '1700 Sq. Ft.', 'Rs 1.53 Cr'), ('Saleable', '3 BHK 2450 Sq. Ft. Apartment', '(Saleable)', '2450 Sq. Ft.', 'Rs 2.21 Cr')]","2 BHK Apartment, Saleable, 1550 Sq., Saleable, , Rs 1.40 Cr | 2 BHK Apartment, Saleable, 1700 Sq., Saleable, , Rs 1.53 Cr | 3 BHK Apartment, Saleable, 2450 Sq., Saleable, , Rs 2.21 Cr"
146207,"[('Saleable', '3 BHK 1965 Sq. Ft. Apartment', '(Saleable)', '1965 Sq. Ft.', 'Rs 1.20 Cr'), ('Saleable', '3 BHK 2542 Sq. Ft. Apartment', '(Saleable)', '2542 Sq. Ft.', 'Rs 1.55 Cr'), ('Saleable', '3 BHK 2904 Sq. Ft. Apartment', '(Saleable)', '2904 Sq. Ft.', 'Rs 1.77 Cr'), ('Saleable', '4 BHK 3062 Sq. Ft. Apartment', '(Saleable)', '3062 Sq. Ft.', 'Rs 1.86 Cr'), ('Saleable', '4 BHK 3352 Sq. Ft. Apartment', '(Saleable)', '3352 Sq. Ft.', 'Rs 2.04 Cr'), ('Saleable', '4 BHK 3456 Sq. Ft. Apartment', '(Saleable)', '3456 Sq. Ft.', 'Rs 2.10 Cr')]","3 BHK Apartment, Saleable, 1965 Sq., Saleable, , Rs 1.20 Cr | 3 BHK Apartment, Saleable, 2542 Sq., Saleable, , Rs 1.55 Cr | 3 BHK Apartment, Saleable, 2904 Sq., Saleable, , Rs 1.77 Cr | 4 BHK Apartment, Saleable, 3062 Sq., Saleable, , Rs 1.86 Cr | 4 BHK Apartment, Saleable, 3352 Sq., Saleable, , Rs 2.04 Cr | 4 BHK Apartment, Saleable, 3456 Sq., Saleable, , Rs 2.10 Cr"
412546,"[('Saleable', '4 BHK 3577 Sq. Ft. Apartment', '(Saleable)', '3577 Sq. Ft.', 'Rs 7.84 Cr'), ('Saleable', '4 BHK 5472 Sq. Ft. Penthouse', '(Saleable)', '5472 Sq. Ft.', 'Rs 11.99 Cr')]","4 BHK Apartment, Saleable, 3577 Sq., Saleable, , Rs 7.84 Cr | 4 BHK Penthouse, Saleable, 5472 Sq., Saleable, , Rs 11.99 Cr"
423388,"[('Saleable', '3 BHK 2282 Sq. Ft. Apartment', '(Saleable)', '2282 Sq. Ft.', 'Rs 4.23 Cr'), ('Saleable', '3 BHK 2440 Sq. Ft. Apartment', '(Saleable)', '2440 Sq. Ft.', 'Rs 4.75 Cr'), ('Saleable', '4 BHK 3475 Sq. Ft. Apartment', '(Saleable)', '3475 Sq. Ft.', 'Rs 7.30 Cr')]","3 BHK Apartment, Saleable, 2282 Sq., Saleable, , Rs 4.23 Cr | 3 BHK Apartment, Saleable, 2440 Sq., Saleable, , Rs 4.75 Cr | 4 BHK Apartment, Saleable, 3475 Sq., Saleable, , Rs 7.30 Cr"
423473,"[('Saleable', '4 BHK 4781 Sq. Ft. Apartment', '(Saleable)', '4781 Sq. Ft.', 'Rs 10.52 Cr'), ('Saleable', '4 BHK 3710 Sq. Ft. Apartment', '(Saleable)', '3710 Sq. Ft.', 'Rs 8.16 Cr')]","4 BHK Apartment, Saleable, 4781 Sq., Saleable, , Rs 10.52 Cr | 4 BHK Apartment, Saleable, 3710 Sq., Saleable, , Rs 8.16 Cr"
302889,"[('Saleable', '2 BHK 1165 Sq. Ft. Apartment', '(Carpet)', '720 Sq. Ft.', 'Rs 1.39 Cr'), ('Saleable', '3 BHK 1385 Sq. Ft. Apartment', '(Carpet)', '930 Sq. Ft.', 'Rs 1.65 Cr'), ('Saleable', '3 BHK 1625 Sq. Ft. Apartment', '(Carpet)', '1010 Sq. Ft.', 'Rs 1.93 Cr')]","2 BHK Apartment, Saleable, 1165 Sq., Carpet, , Rs 1.39 Cr | 3 BHK Apartment, Saleable, 1385 Sq., Carpet, , Rs 1.65 Cr | 3 BHK Apartment, Saleable, 1625 Sq., Carpet, , Rs 1.93 Cr"
123483,"[('Saleable', '2 BHK 945 Sq. Ft. Apartment', '(Carpet)', '594 Sq. Ft.', 'Rs 1.13 Cr'), ('Saleable', '2 BHK 1050 Sq. Ft. Apartment', '(Carpet)', '625 Sq. Ft.', 'Rs 1.26 Cr'), ('Saleable', '2 BHK 1245 Sq. Ft. Apartment', '(Carpet)', '754 Sq. Ft.', 'Rs 1.49 Cr'), ('Saleable', '3 BHK 1565 Sq. Ft. Apartment', '(Carpet)', '933 Sq. Ft.', 'Rs 1.88 Cr'), ('Saleable', '3 BHK 1750 Sq. Ft. Penthouse', '(Carpet)', '933 Sq. Ft.', 'Rs 2.10 Cr'), ('Saleable', '3 BHK 2315 Sq. Ft. Penthouse', '(Carpet)', '1222 Sq. Ft.', 'Rs 2.78 Cr'), ('Saleable', '4 BHK 1875 Sq. Ft. Apartment', '(Carpet)', '1127 Sq. Ft.', 'Rs 2.25 Cr'), ('Saleable', '4 BHK 2790 Sq. Ft. Penthouse', '(Carpet)', '1595 Sq. Ft.', 'Rs 3.35 Cr')]","2 BHK Apartment, Saleable, 945 Sq., Carpet, , Rs 1.13 Cr | 2 BHK Apartment, Saleable, 1050 Sq., Carpet, , Rs 1.26 Cr | 2 BHK Apartment, Saleable, 1245 Sq., Carpet, , Rs 1.49 Cr | 3 BHK Apartment, Saleable, 1565 Sq., Carpet, , Rs 1.88 Cr | 3 BHK Penthouse, Saleable, 1750 Sq., Carpet, , Rs 2.10 Cr | 3 BHK Penthouse, Saleable, 2315 Sq., Carpet, , Rs 2.78 Cr | 4 BHK Apartment, Saleable, 1875 Sq., Carpet, , Rs 2.25 Cr | 4 BHK Penthouse, Saleable, 2790 Sq., Carpet, , Rs 3.35 Cr"
12900,"[('Saleable', '2 BHK 1035 Sq. Ft. Apartment', '(Saleable)', '1035 Sq. Ft.', 'Rs 72.45 Lac'), ('Saleable', '2 BHK 925 Sq. Ft. Apartment', '(Saleable)', '925 Sq. Ft.', 'Rs 64.75 Lac'), ('Saleable', '3 BHK 1430 Sq. Ft. Apartment', '(Saleable)', '1430 Sq. Ft.', 'Rs 1.00 Cr'), ('Saleable', '3 BHK 1635 Sq. Ft. Apartment', '(Saleable)', '1635 Sq. Ft.', 'Rs 1.14 Cr'), ('Saleable', '3 BHK 1980 Sq. Ft. Apartment', '(Saleable)', '1980 Sq. Ft.', 'Rs 1.39 Cr'), ('Saleable', '4 BHK 2045 Sq. Ft. Apartment', '(Saleable)', '2045 Sq. Ft.', 'Rs 1.43 Cr')]","2 BHK Apartment, Saleable, 1035 Sq., Saleable, , Rs 72.45 Lac | 2 BHK Apartment, Saleable, 925 Sq., Saleable, , Rs 64.75 Lac | 3 BHK Apartment, Saleable, 1430 Sq., Saleable, , Rs 1.00 Cr | 3 BHK Apartment, Saleable, 1635 Sq., Saleable, , Rs 1.14 Cr | 3 BHK Apartment, Saleable, 1980 Sq., Saleable, , Rs 1.39 Cr | 4 BHK Apartment, Saleable, 2045 Sq., Saleable, , Rs 1.43 Cr"
422426,"[('Saleable', '2 BHK 1085 Sq. Ft. Apartment', '(Saleable)', '1085 Sq. Ft.', 'Rs 2.06 Cr'), ('Saleable', '2 BHK 1266 Sq. Ft. Apartment', '(Saleable)', '1266 Sq. Ft.', 'Rs 2.41 Cr'), ('Saleable', '3 BHK 1676 Sq. Ft. Apartment', '(Saleable)', '1676 Sq. Ft.', 'Rs 3.18 Cr'), ('Saleable', '3 BHK 2211 Sq. Ft. Apartment', '(Saleable)', '2211 Sq. Ft.', 'Rs 4.20 Cr'), ('Saleable', '4 BHK 2433 Sq. Ft. Apartment', '(Saleable)', '2433 Sq. Ft.', 'Rs 4.62 Cr'), ('Saleable', '4 BHK 3221 Sq. Ft. Apartment', '(Saleable)', '3221 Sq. Ft.', 'Rs 6.12 Cr')]","2 BHK Apartment, Saleable, 1085 Sq., Saleable, , Rs 2.06 Cr | 2 BHK Apartment, Saleable, 1266 Sq., Saleable, , Rs 2.41 Cr | 3 BHK Apartment, Saleable, 1676 Sq., Saleable, , Rs 3.18 Cr | 3 BHK Apartment, Saleable, 2211 Sq., Saleable, , Rs 4.20 Cr | 4 BHK Apartment, Saleable, 2433 Sq., Saleable, , Rs 4.62 Cr | 4 BHK Apartment, Saleable, 3221 Sq., Saleable, , Rs 6.12 Cr"
10356,"[('Saleable', '1 BHK 790 Sq. Ft. Apartment', '(Saleable)', '790 Sq. Ft.', 'Rs 70.92 Lac'), ('Saleable', '2 BHK 920 Sq. Ft. Apartment', '(Saleable)', '920 Sq. Ft.', 'Rs 82.11 Lac'), ('Saleable', '2 BHK 1045 Sq. Ft. Apartment', '(Saleable)', '1045 Sq. Ft.', 'Rs 92.87 Lac'), ('Saleable', '3 BHK 1405 Sq. Ft. Apartment', '(Saleable)', '1405 Sq. Ft.', 'Rs 1.24 Cr'), ('Saleable', '3 BHK 1495 Sq. Ft. Apartment', '(Saleable)', '1495 Sq. Ft.', 'Rs 1.32 Cr')]","1 BHK Apartment, Saleable, 790 Sq., Saleable, , Rs 70.92 Lac | 2 BHK Apartment, Saleable, 920 Sq., Saleable, , Rs 82.11 Lac | 2 BHK Apartment, Saleable, 1045 Sq., Saleable, , Rs 92.87 Lac | 3 BHK Apartment, Saleable, 1405 Sq., Saleable, , Rs 1.24 Cr | 3 BHK Apartment, Saleable, 1495 Sq., Saleable, , Rs 1.32 Cr"
298821,"[('Saleable', '3 BHK 2007 Sq. Ft. Apartment', '(Carpet)', '1608 Sq. Ft.', 'Rs 6.02 Cr'), ('Saleable', '3 BHK 2031 Sq. Ft. Apartment', '(Carpet)', '1630 Sq. Ft.', 'Rs 6.09 Cr'), ('Saleable', '4 BHK 2603 Sq. Ft. Apartment', '(Carpet)', '2100 Sq. Ft.', 'Rs 7.42 Cr'), ('Saleable', '4 BHK 2763 Sq. Ft. Apartment', '(Carpet)', '2126 Sq. Ft.', 'Rs 7.88 Cr')]","3 BHK Apartment, Saleable, 2007 Sq., Carpet, , Rs 6.02 Cr | 3 BHK Apartment, Saleable, 2031 Sq., Carpet, , Rs 6.09 Cr | 4 BHK Apartment, Saleable, 2603 Sq., Carpet, , Rs 7.42 Cr | 4 BHK Apartment, Saleable, 2763 Sq., Carpet, , Rs 7.88 Cr"
1223,"[('Saleable', '2 BHK 1150 Sq. Ft. Apartment', '(Carpet)', '702 Sq. Ft.', 'Rs 1.55 Cr'), ('Saleable', '2 BHK 1315 Sq. Ft. Apartment', '(Carpet)', '819 Sq. Ft.', 'Rs 1.77 Cr'), ('Saleable', '3 BHK 1466 Sq. Ft. Apartment', '(Carpet)', '905 Sq. Ft.', 'Rs 1.97 Cr'), ('Saleable', '3 BHK 1700 Sq. Ft. Apartment', '(Carpet)', '1115 Sq. Ft.', 'Rs 2.28 Cr'), ('Saleable', '4 BHK 2075 Sq. Ft. Apartment', '(Carpet)', '1364 Sq. Ft.', 'Rs 2.78 Cr')]","2 BHK Apartment, Saleable, 1150 Sq., Carpet, , Rs 1.55 Cr | 2 BHK Apartment, Saleable, 1315 Sq., Carpet, , Rs 1.77 Cr | 3 BHK Apartment, Saleable, 1466 Sq., Carpet, , Rs 1.97 Cr | 3 BHK Apartment, Saleable, 1700 Sq., Carpet, , Rs 2.28 Cr | 4 BHK Apartment, Saleable, 2075 Sq., Carpet, , Rs 2.78 Cr"
332831,"[('Saleable', '3 BHK 1700 Sq. Ft. Apartment', '(Carpet)', '1138 Sq. Ft.', 'Rs 2.43 Cr'), ('Saleable', '3 BHK 2040 Sq. Ft. Apartment', '(Carpet)', '1346 Sq. Ft.', 'Rs 2.92 Cr'), ('Saleable', '3 BHK 2555 Sq. Ft. Apartment', '(Carpet)', '1618 Sq. Ft.', 'Rs 3.65 Cr'), ('Saleable', '4 BHK 3355 Sq. Ft. Apartment', '(Carpet)', '2067 Sq. Ft.', 'Rs 4.80 Cr')]","3 BHK Apartment, Saleable, 1700 Sq., Carpet, , Rs 2.43 Cr | 3 BHK Apartment, Saleable, 2040 Sq., Carpet, , Rs 2.92 Cr | 3 BHK Apartment, Saleable, 2555 Sq., Carpet, , Rs 3.65 Cr | 4 BHK Apartment, Saleable, 3355 Sq., Carpet, , Rs 4.80 Cr"
400435,"[('Saleable', '2 BHK 1040 Sq. Ft. Apartment', '(Carpet)', '637 Sq. Ft.', 'Rs 1.12 Cr'), ('Saleable', '2 BHK 1230 Sq. Ft. Apartment', '(Carpet)', '736 Sq. Ft.', 'Rs 1.36 Cr'), ('Saleable', '3 BHK 1575 Sq. Ft. Apartment', '(Carpet)', '991 Sq. Ft.', 'Rs 1.84 Cr'), ('Saleable', '3 BHK 1395 Sq. Ft. Apartment', '(Carpet)', '875 Sq. Ft.', 'Rs 1.58 Cr'), ('Saleable', '4 BHK 1780 Sq. Ft. Apartment', '(Carpet)', '1121 Sq. Ft.', 'Rs 2.07 Cr')]","2 BHK Apartment, Saleable, 1040 Sq., Carpet, , Rs 1.12 Cr | 2 BHK Apartment, Saleable, 1230 Sq., Carpet, , Rs 1.36 Cr | 3 BHK Apartment, Saleable, 1575 Sq., Carpet, , Rs 1.84 Cr | 3 BHK Apartment, Saleable, 1395 Sq., Carpet, , Rs 1.58 Cr | 4 BHK Apartment, Saleable, 1780 Sq., Carpet, , Rs 2.07 Cr"
303,"[('Saleable', '2 BHK 1790 Sq. Ft. Apartment', '(Saleable)', '1790 Sq. Ft.', 'Rs 2.24 Cr')]","2 BHK Apartment, Saleable, 1790 Sq., Saleable, , Rs 2.24 Cr"
375353,"[('Saleable', '3 BHK 1300 Sq. Ft. Apartment', '(Carpet)', '760 Sq. Ft.', 'Rs 1.74 Cr'), ('Saleable', '3 BHK 1900 Sq. Ft. Apartment', '(Carpet)', '1118 Sq. Ft.', 'Rs 2.55 Cr')]","3 BHK Apartment, Saleable, 1300 Sq., Carpet, , Rs 1.74 Cr | 3 BHK Apartment, Saleable, 1900 Sq., Carpet, , Rs 2.55 Cr"
409753,"[('Saleable', '3 BHK 1800 Sq. Ft. Apartment', '(Saleable)', '1800 Sq. Ft.', 'Rs 3.10 Cr'), ('Saleable', '3 BHK 2500 Sq. Ft. Apartment', '(Saleable)', '2500 Sq. Ft.', 'Rs 4.30 Cr'), ('Saleable', '4 BHK 3250 Sq. Ft. Apartment', '(Saleable)', '3250 Sq. Ft.', 'Rs 5.59 Cr')]","3 BHK Apartment, Saleable, 1800 Sq., Saleable, , Rs 3.10 Cr | 3 BHK Apartment, Saleable, 2500 Sq., Saleable, , Rs 4.30 Cr | 4 BHK Apartment, Saleable, 3250 Sq., Saleable, , Rs 5.59 Cr"
425268,"[('Saleable', '3 BHK 1758 Sq. Ft. Apartment', '(Saleable)', '1758 Sq. Ft.', 'Rs 3.55 Cr'), ('Saleable', '3 BHK 2432 Sq. Ft. Apartment', '(Saleable)', '2432 Sq. Ft.', 'Rs 4.91 Cr'), ('Saleable', '4 BHK 3221 Sq. Ft. Apartment', '(Saleable)', '3221 Sq. Ft.', 'Rs 6.50 Cr')]","3 BHK Apartment, Saleable, 1758 Sq., Saleable, , Rs 3.55 Cr | 3 BHK Apartment, Saleable, 2432 Sq., Saleable, , Rs 4.91 Cr | 4 BHK Apartment, Saleable, 3221 Sq., Saleable, , Rs 6.50 Cr"
376821,"[('Saleable', '3 BHK 2350 Sq. Ft. Apartment', '(Carpet)', '1519 Sq. Ft.', 'Rs 3.76 Cr'), ('Saleable', '4 BHK 3300 Sq. Ft. Apartment', '(Carpet)', '2251 Sq. Ft.', 'Rs 5.28 Cr')]","3 BHK Apartment, Saleable, 2350 Sq., Carpet, , Rs 3.76 Cr | 4 BHK Apartment, Saleable, 3300 Sq., Carpet, , Rs 5.28 Cr"
344889,"[('Saleable', '4 BHK 4700 Sq. Ft. Apartment', '(Carpet)', '2782 Sq. Ft.', 'Rs 9.63 Cr')]","4 BHK Apartment, Saleable, 4700 Sq., Carpet, , Rs 9.63 Cr"
378409,"[('Saleable', '2 BHK 1350 Sq. Ft. Apartment', '(Carpet)', '804 Sq. Ft.', 'Rs 2.29 Cr'), ('Saleable', '2 BHK 1360 Sq. Ft. Apartment', '(Carpet)', '815 Sq. Ft.', 'Rs 2.31 Cr'), ('Saleable', '3 BHK 1775 Sq. Ft. Apartment', '(Carpet)', '1181 Sq. Ft.', 'Rs 3.02 Cr'), ('Saleable', '3 BHK 1785 Sq. Ft. Apartment', '(Carpet)', '1185 Sq. Ft.', 'Rs 3.03 Cr')]","2 BHK Apartment, Saleable, 1350 Sq., Carpet, , Rs 2.29 Cr | 2 BHK Apartment, Saleable, 1360 Sq., Carpet, , Rs 2.31 Cr | 3 BHK Apartment, Saleable, 1775 Sq., Carpet, , Rs 3.02 Cr | 3 BHK Apartment, Saleable, 1785 Sq., Carpet, , Rs 3.03 Cr"
382046,"[('Saleable', '3 BHK 2350 Sq. Ft. Apartment', '(Carpet)', '1430 Sq. Ft.', 'Rs 3.29 Cr'), ('Saleable', '5 BHK 3200 Sq. Ft. Apartment', '(Carpet)', '2040 Sq. Ft.', 'Rs 4.48 Cr')]","3 BHK Apartment, Saleable, 2350 Sq., Carpet, , Rs 3.29 Cr | 5 BHK Apartment, Saleable, 3200 Sq., Carpet, , Rs 4.48 Cr"
10130,"[('Saleable', '3 BHK 1750 Sq. Ft. Apartment', '(Saleable)', '1750 Sq. Ft.', 'Rs 2.86 Cr'), ('Saleable', '3 BHK 2300 Sq. Ft. Apartment', '(Saleable)', '2300 Sq. Ft.', 'Rs 3.75 Cr'), ('Saleable', '4 BHK 3200 Sq. Ft. Apartment', '(Saleable)', '3200 Sq. Ft.', 'Rs 5.18 Cr')]","3 BHK Apartment, Saleable, 1750 Sq., Saleable, , Rs 2.86 Cr | 3 BHK Apartment, Saleable, 2300 Sq., Saleable, , Rs 3.75 Cr | 4 BHK Apartment, Saleable, 3200 Sq., Saleable, , Rs 5.18 Cr"
410631,"[('Saleable', '3 BHK 3200 Sq. Ft. Apartment', '(Saleable)', '3200 Sq. Ft.', 'Rs 8.00 Cr'), ('Saleable', '4 BHK 4200 Sq. Ft. Apartment', '(Saleable)', '4200 Sq. Ft.', 'Rs 10.92 Cr'), ('Saleable', '4 BHK 4315 Sq. Ft. Apartment', '(Saleable)', '4315 Sq. Ft.', 'Rs 11.21 Cr'), ('Saleable', '5 BHK 5935 Sq. Ft. Apartment', '(Saleable)', '5935 Sq. Ft.', 'Rs 17.80 Cr'), ('Saleable', '5 BHK 6220 Sq. Ft. Apartment', '(Saleable)', '6220 Sq. Ft.', 'Rs 18.65 Cr'), ('Saleable', '210 Sq. Ft. Retail Shop', '(Saleable)', '210 Sq. Ft.', 'Rs 68.25 Lac'), ('Saleable', '750 Sq. Ft. Retail Shop', '(Saleable)', '750 Sq. Ft.', 'Rs 2.44 Cr')]","3 BHK Apartment, Saleable, 3200 Sq., Saleable, , Rs 8.00 Cr | 4 BHK Apartment, Saleable, 4200 Sq., Saleable, , Rs 10.92 Cr | 4 BHK Apartment, Saleable, 4315 Sq., Saleable, , Rs 11.21 Cr | 5 BHK Apartment, Saleable, 5935 Sq., Saleable, , Rs 17.80 Cr | 5 BHK Apartment, Saleable, 6220 Sq., Saleable, , Rs 18.65 Cr | 210 BHK Ft. Retail Shop, Saleable, Ft. Retail, Saleable, , Rs 68.25 Lac | 750 BHK Ft. Retail Shop, Saleable, Ft. Retail, Saleable, , Rs 2.44 Cr"
269167,"[('Saleable', '4 BHK 4177 Sq. Ft. Villa', '(Saleable)', '4177 Sq. Ft.', 'Rs 4.51 Cr'), ('Saleable', '4 BHK 5335 Sq. Ft. Villa', '(Saleable)', '5335 Sq. Ft.', 'Rs 5.76 Cr')]","4 BHK Villa, Saleable, 4177 Sq., Saleable, , Rs 4.51 Cr | 4 BHK Villa, Saleable, 5335 Sq., Saleable, , Rs 5.76 Cr"
409011,"[('Saleable', '3 BHK 1350 Sq. Ft. Apartment', '(Saleable)', '1350 Sq. Ft.', 'Rs 1.38 Cr'), ('Saleable', '3 BHK 1545 Sq. Ft. Apartment', '(Saleable)', '1545 Sq. Ft.', 'Rs 1.58 Cr'), ('Saleable', '4 BHK 2010 Sq. Ft. Apartment', '(Saleable)', '2010 Sq. Ft.', 'Rs 2.05 Cr')]","3 BHK Apartment, Saleable, 1350 Sq., Saleable, , Rs 1.38 Cr | 3 BHK Apartment, Saleable, 1545 Sq., Saleable, , Rs 1.58 Cr | 4 BHK Apartment, Saleable, 2010 Sq., Saleable, , Rs 2.05 Cr"
433611,"[('Saleable', '2 BHK 1066 Sq. Ft. Apartment', '(Saleable)', '1066 Sq. Ft.', 'Rs 95.94 Lac'), ('Saleable', '2 BHK 1302 Sq. Ft. Apartment', '(Saleable)', '1302 Sq. Ft.', 'Rs 1.17 Cr'), ('Saleable', '3 BHK 1582 Sq. Ft. Apartment', '(Saleable)', '1582 Sq. Ft.', 'Rs 1.42 Cr'), ('Saleable', '3 BHK 1953 Sq. Ft. Apartment', '(Saleable)', '1953 Sq. Ft.', 'Rs 1.76 Cr'), ('Saleable', '4 BHK 2566 Sq. Ft. Apartment', '(Saleable)', '2566 Sq. Ft.', 'Rs 2.31 Cr'), ('Saleable', '4 BHK 2644 Sq. Ft. Apartment', '(Saleable)', '2644 Sq. Ft.', 'Rs 2.38 Cr')]","2 BHK Apartment, Saleable, 1066 Sq., Saleable, , Rs 95.94 Lac | 2 BHK Apartment, Saleable, 1302 Sq., Saleable, , Rs 1.17 Cr | 3 BHK Apartment, Saleable, 1582 Sq., Saleable, , Rs 1.42 Cr | 3 BHK Apartment, Saleable, 1953 Sq., Saleable, , Rs 1.76 Cr | 4 BHK Apartment, Saleable, 2566 Sq., Saleable, , Rs 2.31 Cr | 4 BHK Apartment, Saleable, 2644 Sq., Saleable, , Rs 2.38 Cr"
433855,"[('Saleable', '3 BHK 2290 Sq. Ft. Apartment', '(Saleable)', '2290 Sq. Ft.', 'Rs 2.86 Cr'), ('Saleable', '4 BHK 3200 Sq. Ft. Apartment', '(Saleable)', '3200 Sq. Ft.', 'Rs 4.00 Cr'), ('Saleable', '4 BHK 4190 Sq. Ft. Apartment', '(Saleable)', '4190 Sq. Ft.', 'Rs 5.24 Cr')]","3 BHK Apartment, Saleable, 2290 Sq., Saleable, , Rs 2.86 Cr | 4 BHK Apartment, Saleable, 3200 Sq., Saleable, , Rs 4.00 Cr | 4 BHK Apartment, Saleable, 4190 Sq., Saleable, , Rs 5.24 Cr"
373839,"[('Saleable', '2 BHK 1090 Sq. Ft. Apartment', '(Carpet)', '615 Sq. Ft.', 'Rs 1.14 Cr'), ('Saleable', '3 BHK 1250 Sq. Ft. Apartment', '(Carpet)', '642 Sq. Ft.', 'Rs 1.31 Cr'), ('Saleable', '3 BHK 1275 Sq. Ft. Apartment', '(Carpet)', '644 Sq. Ft.', 'Rs 1.34 Cr')]","2 BHK Apartment, Saleable, 1090 Sq., Carpet, , Rs 1.14 Cr | 3 BHK Apartment, Saleable, 1250 Sq., Carpet, , Rs 1.31 Cr | 3 BHK Apartment, Saleable, 1275 Sq., Carpet, , Rs 1.34 Cr"
395716,"[('Saleable', '2 BHK 1115 Sq. Ft. Apartment', '(Saleable)', '1115 Sq. Ft.', 'Rs 1.06 Cr'), ('Saleable', '3 BHK 1200 Sq. Ft. Apartment', '(Saleable)', '1200 Sq. Ft.', 'Rs 1.14 Cr'), ('Saleable', '3 BHK 1535 Sq. Ft. Apartment', '(Saleable)', '1535 Sq. Ft.', 'Rs 1.46 Cr'), ('Saleable', '4 BHK 2000 Sq. Ft. Apartment', '(Saleable)', '2000 Sq. Ft.', 'Rs 1.90 Cr')]","2 BHK Apartment, Saleable, 1115 Sq., Saleable, , Rs 1.06 Cr | 3 BHK Apartment, Saleable, 1200 Sq., Saleable, , Rs 1.14 Cr | 3 BHK Apartment, Saleable, 1535 Sq., Saleable, , Rs 1.46 Cr | 4 BHK Apartment, Saleable, 2000 Sq., Saleable, , Rs 1.90 Cr"
402728,"[('Saleable', '3 BHK 1355 Sq. Ft. Apartment', '(Saleable)', '1355 Sq. Ft.', 'Rs 1.49 Cr'), ('Saleable', '3 BHK 1895 Sq. Ft. Apartment', '(Saleable)', '1895 Sq. Ft.', 'Rs 2.08 Cr'), ('Saleable', '4 BHK 2450 Sq. Ft. Apartment', '(Saleable)', '2450 Sq. Ft.', 'Rs 2.69 Cr')]","3 BHK Apartment, Saleable, 1355 Sq., Saleable, , Rs 1.49 Cr | 3 BHK Apartment, Saleable, 1895 Sq., Saleable, , Rs 2.08 Cr | 4 BHK Apartment, Saleable, 2450 Sq., Saleable, , Rs 2.69 Cr"
430219,"[('Saleable', '2 BHK 835 Sq. Ft. Apartment', '(Carpet)', '532 Sq. Ft.', 'Rs 73.06 Lac'), ('Saleable', '2 BHK 1060 Sq. Ft. Apartment', '(Carpet)', '665 Sq. Ft.', 'Rs 93.28 Lac'), ('Saleable', '3 BHK 1350 Sq. Ft. Apartment', '(Carpet)', '790 Sq. Ft.', 'Rs 1.20 Cr'), ('Saleable', '3 BHK 1800 Sq. Ft. Apartment', '(Carpet)', '1069 Sq. Ft.', 'Rs 1.84 Cr')]","2 BHK Apartment, Saleable, 835 Sq., Carpet, , Rs 73.06 Lac | 2 BHK Apartment, Saleable, 1060 Sq., Carpet, , Rs 93.28 Lac | 3 BHK Apartment, Saleable, 1350 Sq., Carpet, , Rs 1.20 Cr | 3 BHK Apartment, Saleable, 1800 Sq., Carpet, , Rs 1.84 Cr"
415650,"[('Saleable', '2 BHK 1425 Sq. Ft. Apartment', '(Saleable)', '1425 Sq. Ft.', 'Rs 1.78 Cr'), ('Saleable', '2 BHK 1555 Sq. Ft. Apartment', '(Saleable)', '1555 Sq. Ft.', 'Rs 1.94 Cr'), ('Saleable', '3 BHK 1905 Sq. Ft. Apartment', '(Saleable)', '1905 Sq. Ft.', 'Rs 2.38 Cr'), ('Saleable', '4 BHK 2755 Sq. Ft. Apartment', '(Saleable)', '2755 Sq. Ft.', 'Rs 3.44 Cr'), ('Saleable', '4 BHK 3300 Sq. Ft. Apartment', '(Saleable)', '3300 Sq. Ft.', 'Rs 4.13 Cr')]","2 BHK Apartment, Saleable, 1425 Sq., Saleable, , Rs 1.78 Cr | 2 BHK Apartment, Saleable, 1555 Sq., Saleable, , Rs 1.94 Cr | 3 BHK Apartment, Saleable, 1905 Sq., Saleable, , Rs 2.38 Cr | 4 BHK Apartment, Saleable, 2755 Sq., Saleable, , Rs 3.44 Cr | 4 BHK Apartment, Saleable, 3300 Sq., Saleable, , Rs 4.13 Cr"
425033,"[('Saleable', '3 BHK 1770 Sq. Ft. Apartment', '(Saleable)', '1770 Sq. Ft.', 'Rs 1.79 Cr'), ('Saleable', '3 BHK 2395 Sq. Ft. Apartment', '(Saleable)', '2395 Sq. Ft.', 'Rs 2.42 Cr'), ('Saleable', '4 BHK 3025 Sq. Ft. Apartment', '(Saleable)', '3025 Sq. Ft.', 'Rs 3.05 Cr')]","3 BHK Apartment, Saleable, 1770 Sq., Saleable, , Rs 1.79 Cr | 3 BHK Apartment, Saleable, 2395 Sq., Saleable, , Rs 2.42 Cr | 4 BHK Apartment, Saleable, 3025 Sq., Saleable, , Rs 3.05 Cr"
432470,"[('Saleable', '3 BHK 2025 Sq. Ft. Apartment', '(Carpet)', '1094 Sq. Ft.', 'Rs 2.15 Cr'), ('Saleable', '3 BHK 2560 Sq. Ft. Apartment', '(Carpet)', '1407 Sq. Ft.', 'Rs 2.74 Cr'), ('Saleable', '4 BHK 2640 Sq. Ft. Apartment', '(Carpet)', '1419 Sq. Ft.', 'Rs 2.69 Cr'), ('Saleable', '4 BHK 3175 Sq. Ft. Apartment', '(Carpet)', '1759 Sq. Ft.', 'Rs 3.40 Cr')]","3 BHK Apartment, Saleable, 2025 Sq., Carpet, , Rs 2.15 Cr | 3 BHK Apartment, Saleable, 2560 Sq., Carpet, , Rs 2.74 Cr | 4 BHK Apartment, Saleable, 2640 Sq., Carpet, , Rs 2.69 Cr | 4 BHK Apartment, Saleable, 3175 Sq., Carpet, , Rs 3.40 Cr"
273879,"[('Saleable', '2 BHK 920 Sq. Ft. Apartment', '(Carpet)', '540 Sq. Ft.', 'Rs 82.80 Lac'), ('Saleable', '2 BHK 1020 Sq. Ft. Apartment', '(Carpet)', '580 Sq. Ft.', 'Rs 91.80 Lac'), ('Saleable', '3 BHK 1055 Sq. Ft. Apartment', '(Carpet)', '642 Sq. Ft.', 'Rs 94.95 Lac'), ('Saleable', '3 BHK 1160 Sq. Ft. Apartment', '(Carpet)', '643 Sq. Ft.', 'Rs 1.04 Cr')]","2 BHK Apartment, Saleable, 920 Sq., Carpet, , Rs 82.80 Lac | 2 BHK Apartment, Saleable, 1020 Sq., Carpet, , Rs 91.80 Lac | 3 BHK Apartment, Saleable, 1055 Sq., Carpet, , Rs 94.95 Lac | 3 BHK Apartment, Saleable, 1160 Sq., Carpet, , Rs 1.04 Cr"
393708,"[('Saleable', '4 BHK 3683 Sq. Ft. Apartment', '(Carpet)', '2031 Sq. Ft.', 'Rs 9.21 Cr'), ('Saleable', '4 BHK 4866 Sq. Ft. Apartment', '(Carpet)', '2781 Sq. Ft.', 'Rs 12.16 Cr'), ('Saleable', '5 BHK 6011 Sq. Ft. Apartment', '(Carpet)', '3441 Sq. Ft.', 'Rs 15.03 Cr')]","4 BHK Apartment, Saleable, 3683 Sq., Carpet, , Rs 9.21 Cr | 4 BHK Apartment, Saleable, 4866 Sq., Carpet, , Rs 12.16 Cr | 5 BHK Apartment, Saleable, 6011 Sq., Carpet, , Rs 15.03 Cr"
406892,"[('Saleable', '3 BHK 1325 Sq. Ft. Apartment', '(Carpet)', '737 Sq. Ft.', 'Rs 1.35 Cr'), ('Saleable', '3 BHK 1675 Sq. Ft. Apartment', '(Carpet)', '975 Sq. Ft.', 'Rs 1.71 Cr')]","3 BHK Apartment, Saleable, 1325 Sq., Carpet, , Rs 1.35 Cr | 3 BHK Apartment, Saleable, 1675 Sq., Carpet, , Rs 1.71 Cr"
399106,"[('Saleable', '3 BHK 1760 Sq. Ft. Apartment', '(Carpet)', '990 Sq. Ft.', 'Rs 2.08 Cr'), ('Saleable', '3 BHK 1795 Sq. Ft. Apartment', '(Carpet)', '1015 Sq. Ft.', 'Rs 2.12 Cr'), ('Saleable', '4 BHK 2175 Sq. Ft. Apartment', '(Carpet)', '1225 Sq. Ft.', 'Rs 2.57 Cr'), ('Saleable', '4 BHK 2210 Sq. Ft. Apartment', '(Carpet)', '1250 Sq. Ft.', 'Rs 2.61 Cr')]","3 BHK Apartment, Saleable, 1760 Sq., Carpet, , Rs 2.08 Cr | 3 BHK Apartment, Saleable, 1795 Sq., Carpet, , Rs 2.12 Cr | 4 BHK Apartment, Saleable, 2175 Sq., Carpet, , Rs 2.57 Cr | 4 BHK Apartment, Saleable, 2210 Sq., Carpet, , Rs 2.61 Cr"
430588,"[('Saleable', '3 BHK 1720 Sq. Ft. Apartment', '(Saleable)', '1720 Sq. Ft.', 'Rs 2.32 Cr'), ('Saleable', '3 BHK 1975 Sq. Ft. Apartment', '(Saleable)', '1975 Sq. Ft.', 'Rs 2.67 Cr'), ('Saleable', '3 BHK 2295 Sq. Ft. Apartment', '(Saleable)', '2295 Sq. Ft.', 'Rs 3.10 Cr'), ('Saleable', '4 BHK 2650 Sq. Ft. Apartment', '(Saleable)', '2650 Sq. Ft.', 'Rs 3.58 Cr')]","3 BHK Apartment, Saleable, 1720 Sq., Saleable, , Rs 2.32 Cr | 3 BHK Apartment, Saleable, 1975 Sq., Saleable, , Rs 2.67 Cr | 3 BHK Apartment, Saleable, 2295 Sq., Saleable, , Rs 3.10 Cr | 4 BHK Apartment, Saleable, 2650 Sq., Saleable, , Rs 3.58 Cr"
49816,"[('Saleable', '2 BHK 890 Sq. Ft. Apartment', '(Saleable)', '890 Sq. Ft.', 'Price on Request'), ('Saleable', '2 BHK 990 Sq. Ft. Apartment', '(Saleable)', '990 Sq. Ft.', 'Price on Request'), ('Saleable', '3 BHK 1100 Sq. Ft. Apartment', '(Saleable)', '1100 Sq. Ft.', 'Price on Request'), ('Saleable', '3 BHK 1315 Sq. Ft. Apartment', '(Saleable)', '1315 Sq. Ft.', 'Price on Request'), ('Saleable', '3 BHK 1400 Sq. Ft. Apartment', '(Saleable)', '1400 Sq. Ft.', 'Price on Request'), ('Saleable', '4 BHK 1615 Sq. Ft. Apartment', '(Saleable)', '1615 Sq. Ft.', 'Price on Request'), ('Saleable', '4 BHK 1695 Sq. Ft. Apartment', '(Saleable)', '1695 Sq. Ft.', 'Price on Request')]","2 BHK Apartment, Saleable, 890 Sq., Saleable, , Price on Request | 2 BHK Apartment, Saleable, 990 Sq., Saleable, , Price on Request | 3 BHK Apartment, Saleable, 1100 Sq., Saleable, , Price on Request | 3 BHK Apartment, Saleable, 1315 Sq., Saleable, , Price on Request | 3 BHK Apartment, Saleable, 1400 Sq., Saleable, , Price on Request | 4 BHK Apartment, Saleable, 1615 Sq., Saleable, , Price on Request | 4 BHK Apartment, Saleable, 1695 Sq., Saleable, , Price on Request"
333811,"[('Saleable', '3 BHK 1675 Sq. Ft. Apartment', '(Saleable)', '1675 Sq. Ft.', 'Rs 2.01 Cr')]","3 BHK Apartment, Saleable, 1675 Sq., Saleable, , Rs 2.01 Cr"
374899,"[('Saleable', '2 BHK 1272 Sq. Ft. Apartment', '(Saleable)', '1272 Sq. Ft.', 'Rs 1.21 Cr'), ('Saleable', '2 BHK 1287 Sq. Ft. Apartment', '(Saleable)', '1287 Sq. Ft.', 'Rs 1.22 Cr'), ('Saleable', '3 BHK 1375 Sq. Ft. Apartment', '(Saleable)', '1375 Sq. Ft.', 'Rs 1.31 Cr'), ('Saleable', '3 BHK 1655 Sq. Ft. Apartment', '(Saleable)', '1655 Sq. Ft.', 'Rs 1.57 Cr'), ('Saleable', '4 BHK 1892 Sq. Ft. Apartment', '(Saleable)', '1892 Sq. Ft.', 'Rs 1.80 Cr'), ('Saleable', '4 BHK 1922 Sq. Ft. Apartment', '(Saleable)', '1922 Sq. Ft.', 'Rs 1.83 Cr')]","2 BHK Apartment, Saleable, 1272 Sq., Saleable, , Rs 1.21 Cr | 2 BHK Apartment, Saleable, 1287 Sq., Saleable, , Rs 1.22 Cr | 3 BHK Apartment, Saleable, 1375 Sq., Saleable, , Rs 1.31 Cr | 3 BHK Apartment, Saleable, 1655 Sq., Saleable, , Rs 1.57 Cr | 4 BHK Apartment, Saleable, 1892 Sq., Saleable, , Rs 1.80 Cr | 4 BHK Apartment, Saleable, 1922 Sq., Saleable, , Rs 1.83 Cr"
433317,"[('Saleable', '3 BHK 2611 Sq. Ft. Apartment', '(Carpet)', '1404 Sq. Ft.', 'Rs 5.28 Cr'), ('Saleable', '3 BHK 2844 Sq. Ft. Apartment', '(Carpet)', '1530 Sq. Ft.', 'Rs 5.75 Cr'), ('Saleable', '4 BHK 3531 Sq. Ft. Apartment', '(Carpet)', '1899 Sq. Ft.', 'Rs 7.14 Cr')]","3 BHK Apartment, Saleable, 2611 Sq., Carpet, , Rs 5.28 Cr | 3 BHK Apartment, Saleable, 2844 Sq., Carpet, , Rs 5.75 Cr | 4 BHK Apartment, Saleable, 3531 Sq., Carpet, , Rs 7.14 Cr"
